geo,TIME_PERIOD,Network_length_KM,Consignment_full_train_load_THS_T,Consignment_full_wagon_load_THS_T,Consignment_total_THS_T,uncertainty_estimate_NL,uncertainty_estimate_FULL_TR,uncertainty_estimate_FULL_WG,uncertainty_estimate_TOTAL,population,uncertainty_estimate_POP,land_area_km2,km_per_million_people,km_per_1000_sqkm
CH,2008,5146.0,37705.0,25631.0,63336.0,,,,,7712249.736363637,28266.381550142945,41289.0,667.2501767851677,124.633679672552
CH,2009,5188.0,35765.0,20875.0,56640.0,,,,,7787544.363636364,25901.85760371407,41289.0,666.1920314990647,125.65089975538278
CH,2010,5124.0,39125.0,21293.0,60418.0,,,,,7862838.990909092,23558.913892921868,41289.0,651.6730160600133,124.10085010535494
CH,2011,5140.0,40349.0,20766.0,61114.0,,,,,7938133.618181819,21244.691464253872,41289.0,647.5073672515588,124.4883625178619
CH,2012,5147.0,34013.0,21593.0,55607.0,,,,,8013428.245454546,18969.7048504921,41289.0,642.2968849717386,124.6578991983337
CH,2013,5181.0,36401.0,23104.0,59505.0,,,,,8088722.872727273,16749.94877378534,41289.0,640.5213878038479,125.48136307491099
CH,2014,5187.0,38197.0,22149.0,60345.0,,,,,8139631.0,,41289.0,637.2524749586314,125.6266802296011
CH,2015,5205.0,39475.0,21357.0,60832.0,,,,,8237666.0,,41289.0,631.8537313845936,126.06263169367143
CH,2016,5249.0,40040.0,21108.0,61148.0,,,,,8327126.0,,41289.0,630.3495347614531,127.12829082806559
CH,2017,5251.0,44459.0,14638.0,59097.0,,,,,8419550.0,,41289.0,623.6675356758972,127.17672987962895
CH,2018,5248.0,40377.0,20404.0,60781.0,,,,,8484130.0,,41287.0,618.566665055816,127.11022840119166
CH,2019,5288.0,40423.0,19577.0,60000.0,,,,,8544527.0,,41287.0,618.8756849852542,128.0790563615666
CH,2020,5303.0,37688.0,18526.0,56214.0,,,,,8606033.0,,41287.0,616.1956385712209,128.4423668467072
CH,2021,5318.0,40139.0,18292.0,58431.0,,,,,8670300.0,,41287.0,613.3582459661143,128.8056773318478
CH,2022,5318.0,38424.0,18089.0,56513.0,,,,,8738791.0,,41287.0,608.55099978933,128.8056773318478
CH,2023,5318.0,37159.0,16131.0,53290.0,,,,,8815385.0,,41287.0,603.2634989850131,128.8056773318478
CH,2024,5343.550003744871,35838.0,15376.0,51215.0,11.975782958573934,,,,8962258.0,,41287.0,596.22809382913,129.4245162822407
DE,2008,37798.0,267134.0,104164.0,371298.0,,,,,80005444.57245983,465549.9494451102,357568.0,472.44284688358766,105.7085645247897
DE,2009,37934.0,265869.85020947,100361.31595838007,366231.0598255298,,7031.826425852236,4408.367552559633,5969.904182256463,80241373.6871983,426606.0192602007,357568.0,472.74863648118213,106.08891175944157
DE,2010,38750.0,262955.0,92984.0,355939.0,,,,,80477302.80193678,388017.5176226456,357568.0,481.50222051263177,108.37099516735279
DE,2011,38712.0,269220.0,105581.0,374801.0,,,,,80713231.91667525,349902.0582496773,357568.0,479.62396103732465,108.2647216753177
DE,2012,38648.0,270644.0,95560.0,366204.0,,,,,80949161.03141373,312432.8164981975,357568.0,477.43546081968617,108.08573474136388
DE,2013,38653.801,267938.0,105337.0,373274.0,,,,,81185090.1461522,275873.2269629428,357568.0,476.11945654570434,108.10195822892429
DE,2014,38658.765,257216.0,107810.0,365026.0,,,,,80767463.0,,357568.0,478.64280446694227,108.11584090298909
DE,2015,38630.502,261849.28744763264,106037.29621925284,367886.3599236227,,4350.974823551568,2727.697302688329,3693.906514110706,81197537.0,,357568.0,475.7595295039553,108.03679859495257
DE,2016,38696.542,243435.0,106359.0,349794.0,,,,,82175684.0,,357568.0,470.9001509497627,108.22149073742618
DE,2017,38802.643,240100.0,124033.0,364132.0,,,,,82521653.0,,357568.0,470.2116546308155,108.51822031054232
DE,2018,38994.798,280570.0,107325.0,387895.0,,,,,82792351.0,,357569.0,470.9951768370487,109.05530960457982
DE,2019,39068.117,267322.0,99868.0,367190.0,,,,,83019213.0,,357569.0,470.5912714445992,109.26035814066655
DE,2020,38799.773,258498.8184794349,110767.27976998014,369265.7766720334,,8438.19152224884,5290.041062846579,7163.884511065024,83166711.0,,357569.0,466.5300879819571,108.50989039877618
DE,2021,38783.143,257828.7246857953,111713.2764801256,369541.6600217156,,9493.89545133233,5951.879284418061,8060.159433437818,83155031.0,,357569.0,466.39562914720096,108.46338189272558
DE,2022,38836.096,257158.6308921558,112659.27319027108,369817.5433713977,,10577.83267610458,6631.417418955521,8980.403968362998,83237124.0,,357569.0,466.57181475900103,108.61147358971274
DE,2023,38691.0,256488.53709851624,113605.26990041652,370093.4267210799,,11682.14689235945,7323.730221070989,9917.948241220913,83118501.0,,357569.0,465.492032874847,108.2056889719187
DE,2024,39046.32693667335,255818.4433048767,114551.266610562,370369.310070762,134.60625683572547,12801.56578367748,8025.512389629109,10868.316140694382,83456045.0,,357569.0,467.8669704114705,109.19941867632079
IT,2008,16529.0,55967.0,9912.0,65888.0,,,,,61424519.436554566,126037.56402096798,302073.0,269.09449437488587,54.71856140734194
IT,2009,16686.0,43207.0,6308.0,62269.0,,,,,61266113.26463638,115494.33808397852,302073.0,272.35284092407704,55.23830332403095
IT,2010,16704.0,44818.0,4986.0,64444.0,,,,,61107707.0927182,105047.33668476298,302073.0,273.3534081822963,55.29789156925644
IT,2011,16726.0,60186.0,3624.0,78932.0,,,,,60949300.920800015,94728.40117755838,302073.0,274.4248046705973,55.37072164675426
IT,2012,16742.0,59948.0,3980.0,74494.49949442773,,,,2063.973108029376,60790894.74888183,84584.41502274414,302073.0,275.403085760766,55.42368897584359
IT,2013,16752.0,61267.0,3586.0,78194.0,,,,,60632488.57696365,74686.69740865563,302073.0,276.2875216433827,55.45679355652442
IT,2014,16722.0,62993.0,3564.0,79748.0,,,,,60345917.0,,302073.0,277.1024260017459,55.357479814481934
IT,2015,16724.0,62648.0,5837.972606497418,80598.70622099431,,,511.2184585534917,1978.529959899761,60295497.0,,302073.0,277.3673131842665,55.3641007306181
IT,2016,16788.0,86911.0,5352.0,92263.0,,,,,60163712.0,,302073.0,279.038633786426,55.57597004697541
IT,2017,16787.0,86889.0,5675.0,84668.1773720387,,,,2272.578933289407,60066734.0,,302073.0,279.4724947089682,55.57265958890732
IT,2018,16781.0,87962.0,6153.86642211608,86702.9129475609,,,561.2385149008204,2496.7425198382416,59937769.0,,302073.0,279.97371740679904,55.55279684049882
IT,2019,16779.0,85671.0,6028.0,88737.64852308307,,,,2756.6088125921274,59816673.0,,302073.0,280.5070753433579,55.54617592436266
IT,2020,16782.0,82039.0,6660.0,88699.0,,,,,59641488.0,,302073.0,281.38130960112863,55.55610729856691
IT,2021,16832.0,92432.0,6469.76023773474,92807.11967412746,,,736.1695259000173,3349.2405430351264,59236213.0,,302079.0,284.1505077308031,55.720523439232785
IT,2022,16829.0,95384.0,8321.0,94841.85524964966,,,,3670.2538535185154,59030133.0,,302079.0,285.09168359827345,55.710592262289005
IT,2023,16832.0,87827.0,7512.0,96876.59082517184,,,,4002.521107549561,58997201.0,,302079.0,285.3016704978936,55.720523439232785
IT,2024,16861.92501862119,87461.0,7066.0,94604.0,21.348489628480884,,,,58971230.0,,302073.0,285.9347688461168,55.8206957213031
PL,2008,20196.0,145750.0,71682.0,217432.0,,,,,39268668.94773451,330302.42552372813,311928.0,514.3031465334439,64.74571054858814
PL,2009,20360.0,49290.0,126860.0,176149.0,,,,,39113741.22521319,302672.1469765741,311928.0,520.533177400982,65.27147290400349
PL,2010,20228.0,131064.0,42225.0,173289.0,,,,,38958813.50269187,275294.0409285397,311928.0,519.2149909442786,64.84829832525455
PL,2011,20228.0,163944.0,60911.0,224895.0,,,,,38803885.78017055,248251.5529718289,311928.0,521.2879997275132,64.84829832525455
PL,2012,20094.0,162465.0,47209.0,209867.0,,,,,38648958.05764923,221667.5490501253,311928.0,519.9105230735472,64.41871201046395
PL,2013,19328.0,163724.0,43550.0,207364.0,,,,,38494030.33512791,195728.93301108893,311928.0,502.1038283528899,61.96301710651176
PL,2014,19240.0,161028.0,41383.0,202535.0,,,,,38017856.0,,311928.0,506.0779860915881,61.68090072067913
PL,2015,19231.0,161412.0,34349.0,195822.0,,,,,38005614.0,,311928.0,506.00419190701666,61.6520479084917
PL,2016,19132.0,164081.0,36204.0,200628.0,,,,,37967209.0,,311928.0,503.9085174788592,61.33466697443
PL,2017,19209.0,189358.0,43790.0,233980.0,,,,,37972964.0,,311928.0,505.85990601102407,61.58151881203354
PL,2018,19196.0,197481.0,43658.0,242040.0,,,,,37976687.0,,311928.0,505.4679993544461,61.539842527762815
PL,2019,19359.0,187956.0,40730.0,229628.0,,,,,37972812.0,,311928.0,509.81212558079716,62.06239901515735
PL,2020,19383.0,177979.0,35276.0,214213.0,,,,,37958138.0,,311928.0,510.64148615509015,62.139339847657155
PL,2021,19287.0,192914.0,38679.0,233130.0,,,,,37073357.0,,311928.0,520.2388335105451,61.83157651765792
PL,2022,19355.0,195859.0,38383.0,235190.0,,,,,36889761.0,,311928.0,524.6713308877224,62.04957554307404
PL,2023,19539.0,192470.0,31894.0,237008.5527160045,,,,9103.052285193802,36753736.0,,311928.0,531.6194250293357,62.639455258905905
PL,2024,18999.400026687857,181102.0,35169.0,239999.93847660016,170.98783260535225,,,9995.322030368328,36620970.0,,311928.0,518.812036565057,60.909568960426306
SE,2008,11032.0,44866.0,20766.0,65632.0,,,,,9124514.022046024,57476.08412896691,447424.0,1209.0506928199397,24.656701473322844
SE,2009,11149.0,36606.0,19860.0,56466.0,,,,,9219155.631612089,52668.12611703922,447424.0,1209.3298394671372,24.91819839794021
SE,2010,11160.0,45453.0,22876.0,68329.0,,,,,9313797.241178151,47904.048769146655,447424.0,1198.22234809444,24.94278357888714
SE,2011,11206.0,42593.0,25314.0,67907.0,,,,,9408438.850744216,43198.37249468293,447424.0,1191.058386813408,25.04559433557431
SE,2012,11136.0,41885.0,23904.0,65789.0,,,,,9503080.460310278,38572.477257989805,447424.0,1171.8305497369647,24.889143184093836
SE,2013,10957.0,38082.0,28964.0,67047.0,,,,,9597722.069876345,34058.886290703456,447424.0,1141.6250564693803,24.489075239593763
SE,2014,10881.0,37687.0,30348.0,68035.0,,,,,9644864.0,,447424.0,1128.165207928282,24.319213989414962
SE,2015,10908.0,35929.0,29070.0,64999.0,,,,,9747355.0,,447424.0,1119.0728151380554,24.379559433557432
SE,2016,10882.0,39060.0,28419.0,67479.0,,,,,9851017.0,,447424.0,1104.6575191170616,24.321449005864686
SE,2017,10874.0,40525.0,28825.0,69350.0,,,,,9995153.0,,447424.0,1087.9273183712146,24.303568874266915
SE,2018,10906.0,36502.0,32621.0,69123.0,,,,,10120242.0,,447424.0,1077.6422144845944,24.37508940065799
SE,2019,10899.0,35862.0,32358.0,68220.0,,,,,10230185.0,,447424.0,1065.3766280863933,24.35944428550994
SE,2020,10909.0,37318.0,32487.0,69805.0,,,,,10327589.0,,447424.0,1056.2968762602773,24.381794450007153
SE,2021,10912.0,39624.0,32834.0,72458.0,,,,,10379295.0,,447424.0,1051.3238134189266,24.388499499356318
SE,2022,10914.0,36190.55180770137,33175.56896294597,69365.93103786973,,1076.2948866422155,882.8807806487042,1266.0905149744412,10452326.0,,447424.0,1044.16949873167,24.39296953225576
SE,2023,10906.0,36693.0,31600.0,68293.0,,,,,10521556.0,,447424.0,1036.5387020703022,24.37508940065799
SE,2024,10823.100020118489,34408.0,31499.0,65906.0,43.29923986151024,,,,10551707.0,,447424.0,1025.7202953151077,24.189806581941266
SI,2008,1228.07,8629.0,8605.0,17271.0,,,,,2009313.8842166224,7589.897280307234,20273.0,611.1887294696078,60.576629013959455
SI,2009,1228.07,7584.0,5484.0,13097.0,,,,,2016357.8203622184,6954.991331297078,20273.0,609.0536052670401,60.576629013959455
SI,2010,1228.07,9072.0,6494.0,15600.0,,,,,2023401.7565078149,6325.879961185949,20273.0,606.9333468008467,60.576629013959455
SI,2011,1209.13,9722.0,6515.0,16268.0,,,,,2030445.692653411,5704.480635462304,20273.0,595.4997980861505,59.64238149262567
SI,2012,1209.0,9331.0,5442.0,14798.0,,,,,2037489.6287990075,5093.616645322748,20273.0,593.377253513993,59.63596902283826
SI,2013,1209.0,10815.0,5216.0,16054.0,,,,,2044533.564944604,4497.582785315638,20273.0,591.3329185342856,59.63596902283826
SI,2014,1209.0,11952.0,4930.0,16906.0,,,,,2061085.0,,20273.0,586.5842505282412,59.63596902283826
SI,2015,1209.0,11647.0,4797.0,16469.0,,,,,2062874.0,,20273.0,586.0755431499937,59.63596902283826
SI,2016,1209.0,12185.0,4715.0,16927.0,,,,,2064188.0,,20273.0,585.7024650855445,59.63596902283826
SI,2017,1209.0,13908.0,4662.0,18597.0,,,,,2065895.0,,20273.0,585.2185130415631,59.63596902283826
SI,2018,1209.0,13719.0,4609.0,18355.0,,,,,2066880.0,,20273.0,584.9396191360893,59.63596902283826
SI,2019,1209.0,14094.0,4333.0,18450.0,,,,,2080908.0,,20273.0,580.9963727372858,59.63596902283826
SI,2020,1209.0,12542.0,3959.0,16501.0,,,,,2095861.0,,20273.0,576.8512320234977,59.63596902283826
SI,2021,1209.0,12690.0,4003.0,16693.0,,,,,2108977.0,,20273.0,573.2637198034877,59.63596902283826
SI,2022,1208.0,13327.0,3905.0,17232.0,,,,,2107180.0,,20273.0,573.2780303533632,59.58664233216594
SI,2023,1208.0,12518.0,3433.0,15951.0,,,,,2116972.0,,20273.0,570.6263474434239,59.58664233216594
SI,2024,1202.7974969245536,12064.0,3136.0,15200.0,3.013642911141165,,,,2123949.0,,20273.0,566.3024380173694,59.33002007224158
SK,2008,3623.0,29516.0,15009.0,46621.0,,,,,5419960.035389691,16087.742258911814,49035.0,668.4551133852611,73.88599979606404
SK,2009,3623.0,26695.0,8851.0,36671.0,,,,,5421437.048964608,14741.978894501732,49035.0,668.2729998113552,73.88599979606404
SK,2010,3622.0,30405.0,10074.0,43197.0,,,,,5422914.062539525,13408.497838955956,49035.0,667.906582739361,73.86560619965331
SK,2011,3624.0,27312.0,10172.0,41963.0,,,,,5424391.076114443,12091.36339306834,49035.0,668.0934226807104,73.90639339247477
SK,2012,3631.0,26931.0,8353.0,40371.0,,,,,5425868.089689361,10796.55986616914,49035.0,669.2016724291357,74.04914856734986
SK,2013,3631.0,27049.0,9259.0,46340.0,,,,,5427345.103264278,9533.190600156371,49035.0,669.0195539281507,74.04914856734986
SK,2014,3627.0,27758.0,8259.0,46680.0,,,,,5415949.0,,49035.0,669.6887286050884,73.96757418170695
SK,2015,3626.0,29388.0,8136.0,45478.0,,,,,5421349.0,,49035.0,668.8372211418229,73.94718058529622
SK,2016,3626.0,35035.0,6247.0,47548.0,,,,,5426252.0,,49035.0,668.2328797114473,73.94718058529622
SK,2017,3626.0,32628.0,7622.0,47760.0,,,,,5435343.0,,49035.0,667.1152124162174,73.94718058529622
SK,2018,3627.0,35686.0,6827.0,49642.0,,,,,5443120.0,,49035.0,666.3457722776642,73.96757418170695
SK,2019,3629.0,37636.0,7126.0,46413.0,,,,,5450421.0,,49035.0,665.8201265553614,74.0083613745284
SK,2020,3627.0,33761.0,5974.0,41572.0,,,,,5457873.0,,49035.0,664.5445945700825,73.96757418170695
SK,2021,3626.0,33617.0,6411.0,49944.0,,,,,5459781.0,,49035.0,664.1292022518851,73.94718058529622
SK,2022,3626.0,30698.0,6066.0,46712.0,,,,,5434712.0,,49035.0,667.1926681671448,73.94718058529622
SK,2023,3631.0,28842.0,4769.0,44304.0,,,,,5428792.0,,49035.0,668.8412449767831,74.04914856734986
SK,2024,3628.975005214504,28468.0,3437.0,44282.0,1.3483006995626907,,,,5424687.0,,49035.0,668.9740818621433,74.00785164096062
