geo,TIME_PERIOD,Network_length_KM,Consignment_full_train_load_THS_T,Consignment_full_wagon_load_THS_T,Consignment_total_THS_T,uncertainty_estimate_NL,uncertainty_estimate_FULL_TR,uncertainty_estimate_FULL_WG,uncertainty_estimate_TOTAL
CH,2008,5146.0,37705.0,25631.0,63336.0,,,,
CH,2009,5188.0,35765.0,20875.0,56640.0,,,,
CH,2010,5124.0,39125.0,21293.0,60418.0,,,,
CH,2011,5140.0,40349.0,20766.0,61114.0,,,,
CH,2012,5147.0,34013.0,21593.0,55607.0,,,,
CH,2013,5181.0,36401.0,23104.0,59505.0,,,,
CH,2014,5187.0,38197.0,22149.0,60345.0,,,,
CH,2015,5205.0,39475.0,21357.0,60832.0,,,,
CH,2016,5249.0,40040.0,21108.0,61148.0,,,,
CH,2017,5251.0,44459.0,14638.0,59097.0,,,,
CH,2018,5248.0,40377.0,20404.0,60781.0,,,,
CH,2019,5288.0,40423.0,19577.0,60000.0,,,,
CH,2020,5303.0,37688.0,18526.0,56214.0,,,,
CH,2021,5318.0,40139.0,18292.0,58431.0,,,,
CH,2022,5318.0,38424.0,18089.0,56513.0,,,,
CH,2023,5318.0,37159.0,16131.0,53290.0,,,,
CH,2024,5343.550003744871,35838.0,15376.0,51215.0,11.975782958573934,,,
DE,2008,37798.0,267134.0,104164.0,371298.0,,,,
DE,2009,37934.0,265869.85020946997,100361.31595838009,366231.0598255298,,7031.826425852236,4408.367552559633,5969.904182256463
DE,2010,38750.0,262955.0,92984.0,355939.0,,,,
DE,2011,38712.0,269220.0,105581.0,374801.0,,,,
DE,2012,38648.0,270644.0,95560.0,366204.0,,,,
DE,2013,38653.801,267938.0,105337.0,373274.0,,,,
DE,2014,38658.765,257216.0,107810.0,365026.0,,,,
DE,2015,38630.502,261849.28744763264,106037.29621925285,367886.3599236227,,4350.974823551568,2727.697302688329,3693.906514110706
DE,2016,38696.542,243435.0,106359.0,349794.0,,,,
DE,2017,38802.643,240100.0,124033.0,364132.0,,,,
DE,2018,38994.798,280570.0,107325.0,387895.0,,,,
DE,2019,39068.117,267322.0,99868.0,367190.0,,,,
DE,2020,38799.773,258498.8184794349,110767.27976998014,369265.7766720334,,8438.19152224884,5290.041062846579,7163.884511065024
DE,2021,38783.143,257828.72468579534,111713.27648012561,369541.66002171556,,9493.89545133233,5951.879284418061,8060.159433437818
DE,2022,38836.096,257158.6308921558,112659.27319027107,369817.5433713977,,10577.832676104581,6631.417418955521,8980.403968362998
DE,2023,38691.0,256488.53709851624,113605.26990041653,370093.42672107986,,11682.14689235945,7323.7302210709895,9917.948241220913
DE,2024,39046.32693667335,255818.4433048767,114551.26661056199,370369.310070762,134.60625683572547,12801.565783677479,8025.512389629109,10868.316140694382
IT,2008,16529.0,55967.0,9912.0,65888.0,,,,
IT,2009,16686.0,43207.0,6308.0,62269.0,,,,
IT,2010,16704.0,44818.0,4986.0,64444.0,,,,
IT,2011,16726.0,60186.0,3624.0,78932.0,,,,
IT,2012,16742.0,59948.0,3980.0,74494.49949442773,,,,2063.973108029376
IT,2013,16752.0,61267.0,3586.0,78194.0,,,,
IT,2014,16722.0,62993.0,3564.0,79748.0,,,,
IT,2015,16724.0,62648.0,5837.972606497418,80598.70622099431,,,511.21845855349164,1978.529959899761
IT,2016,16788.0,86911.0,5352.0,92263.0,,,,
IT,2017,16787.0,86889.0,5675.0,84668.1773720387,,,,2272.578933289407
IT,2018,16781.0,87962.0,6153.86642211608,86702.9129475609,,,561.2385149008204,2496.7425198382416
IT,2019,16779.0,85671.0,6028.0,88737.64852308307,,,,2756.6088125921274
IT,2020,16782.0,82039.0,6660.0,88699.0,,,,
IT,2021,16832.0,92432.0,6469.76023773474,92807.11967412746,,,736.1695259000173,3349.2405430351264
IT,2022,16829.0,95384.0,8321.0,94841.85524964966,,,,3670.2538535185154
IT,2023,16832.0,87827.0,7512.0,96876.59082517185,,,,4002.5211075495613
IT,2024,16861.92501862119,87461.0,7066.0,94604.0,21.348489628480884,,,
PL,2008,20196.0,145750.0,71682.0,217432.0,,,,
PL,2009,20360.0,49290.0,126860.0,176149.0,,,,
PL,2010,20228.0,131064.0,42225.0,173289.0,,,,
PL,2011,20228.0,163944.0,60911.0,224895.0,,,,
PL,2012,20094.0,162465.0,47209.0,209867.0,,,,
PL,2013,19328.0,163724.0,43550.0,207364.0,,,,
PL,2014,19240.0,161028.0,41383.0,202535.0,,,,
PL,2015,19231.0,161412.0,34349.0,195822.0,,,,
PL,2016,19132.0,164081.0,36204.0,200628.0,,,,
PL,2017,19209.0,189358.0,43790.0,233980.0,,,,
PL,2018,19196.0,197481.0,43658.0,242040.0,,,,
PL,2019,19359.0,187956.0,40730.0,229628.0,,,,
PL,2020,19383.0,177979.0,35276.0,214213.0,,,,
PL,2021,19287.0,192914.0,38679.0,233130.0,,,,
PL,2022,19355.0,195859.0,38383.0,235190.0,,,,
PL,2023,19539.0,192470.0,31894.0,237008.55271600452,,,,9103.052285193802
PL,2024,18999.400026687857,181102.0,35169.0,239999.93847660016,170.98783260535225,,,9995.322030368328
SE,2008,11032.0,44866.0,20766.0,65632.0,,,,
SE,2009,11149.0,36606.0,19860.0,56466.0,,,,
SE,2010,11160.0,45453.0,22876.0,68329.0,,,,
SE,2011,11206.0,42593.0,25314.0,67907.0,,,,
SE,2012,11136.0,41885.0,23904.0,65789.0,,,,
SE,2013,10957.0,38082.0,28964.0,67047.0,,,,
SE,2014,10881.0,37687.0,30348.0,68035.0,,,,
SE,2015,10908.0,35929.0,29070.0,64999.0,,,,
SE,2016,10882.0,39060.0,28419.0,67479.0,,,,
SE,2017,10874.0,40525.0,28825.0,69350.0,,,,
SE,2018,10906.0,36502.0,32621.0,69123.0,,,,
SE,2019,10899.0,35862.0,32358.0,68220.0,,,,
SE,2020,10909.0,37318.0,32487.0,69805.0,,,,
SE,2021,10912.0,39624.0,32834.0,72458.0,,,,
SE,2022,10914.0,36190.55180770137,33175.56896294597,69365.93103786973,,1076.2948866422155,882.8807806487042,1266.0905149744412
SE,2023,10906.0,36693.0,31600.0,68293.0,,,,
SE,2024,10823.100020118489,34408.0,31499.0,65906.0,43.29923986151024,,,
SI,2008,1228.07,8629.0,8605.0,17271.0,,,,
SI,2009,1228.07,7584.0,5484.0,13097.0,,,,
SI,2010,1228.07,9072.0,6494.0,15600.0,,,,
SI,2011,1209.13,9722.0,6515.0,16268.0,,,,
SI,2012,1209.0,9331.0,5442.0,14798.0,,,,
SI,2013,1209.0,10815.0,5216.0,16054.0,,,,
SI,2014,1209.0,11952.0,4930.0,16906.0,,,,
SI,2015,1209.0,11647.0,4797.0,16469.0,,,,
SI,2016,1209.0,12185.0,4715.0,16927.0,,,,
SI,2017,1209.0,13908.0,4662.0,18597.0,,,,
SI,2018,1209.0,13719.0,4609.0,18355.0,,,,
SI,2019,1209.0,14094.0,4333.0,18450.0,,,,
SI,2020,1209.0,12542.0,3959.0,16501.0,,,,
SI,2021,1209.0,12690.0,4003.0,16693.0,,,,
SI,2022,1208.0,13327.0,3905.0,17232.0,,,,
SI,2023,1208.0,12518.0,3433.0,15951.0,,,,
SI,2024,1202.7974969245536,12064.0,3136.0,15200.0,3.013642911141165,,,
SK,2008,3623.0,29516.0,15009.0,46621.0,,,,
SK,2009,3623.0,26695.0,8851.0,36671.0,,,,
SK,2010,3622.0,30405.0,10074.0,43197.0,,,,
SK,2011,3624.0,27312.0,10172.0,41963.0,,,,
SK,2012,3631.0,26931.0,8353.0,40371.0,,,,
SK,2013,3631.0,27049.0,9259.0,46340.0,,,,
SK,2014,3627.0,27758.0,8259.0,46680.0,,,,
SK,2015,3626.0,29388.0,8136.0,45478.0,,,,
SK,2016,3626.0,35035.0,6247.0,47548.0,,,,
SK,2017,3626.0,32628.0,7622.0,47760.0,,,,
SK,2018,3627.0,35686.0,6827.0,49642.0,,,,
SK,2019,3629.0,37636.0,7126.0,46413.0,,,,
SK,2020,3627.0,33761.0,5974.0,41572.0,,,,
SK,2021,3626.0,33617.0,6411.0,49944.0,,,,
SK,2022,3626.0,30698.0,6066.0,46712.0,,,,
SK,2023,3631.0,28842.0,4769.0,44304.0,,,,
SK,2024,3628.9750052145037,28468.0,3437.0,44282.0,1.3483006995626907,,,
