geo,Observed_freight_total_THST,TIME_PERIOD,Network_length_KM,Modal_Share_PCT,Consignment_full_train_load_THS_T,Consignment_full_wagon_load_THS_T,Consignment_total_THS_T,NST_GT01_MIO_TKM,NST_GT02_MIO_TKM,NST_GT03_MIO_TKM,NST_GT04_MIO_TKM,NST_GT05_MIO_TKM,NST_GT06_MIO_TKM,NST_GT07_MIO_TKM,NST_GT08_MIO_TKM,NST_GT09_MIO_TKM,NST_GT10_MIO_TKM,NST_GT11_MIO_TKM,NST_GT12_MIO_TKM,NST_GT13_MIO_TKM,NST_GT14_MIO_TKM,NST_GT15_MIO_TKM,NST_GT16_MIO_TKM,NST_GT17_MIO_TKM,NST_GT18_MIO_TKM,NST_GT19_MIO_TKM,NST_GT20_MIO_TKM,NST_TOTAL_MIO_TKM
AT,121579.0,2008,5693.0,33.6,,,,,,,,,,,,,,,,,,,,,,,,
AT,98887.0,2009,5693.0,32.0,,,,1890.0,740.0,1247.0,263.0,1.0,1555.0,1394.0,773.0,312.0,1081.0,81.0,980.0,4.0,839.0,11.0,239.0,4.0,23.0,3918.0,0.0,15355.0
AT,107670.0,2010,5828.0,33.0,,,,2039.0,681.0,1633.0,263.0,1.0,1632.0,1449.0,833.0,325.0,1291.0,68.0,1042.0,5.0,1162.0,13.0,420.0,127.0,255.0,4649.0,0.0,17886.0
AT,107587.0,2011,5500.0,33.1,,,,2017.0,733.0,1668.0,288.0,1.0,1520.0,1566.0,870.0,263.0,1424.0,71.0,1080.0,8.0,1242.0,14.0,419.0,167.0,330.0,4607.0,0.0,18288.0
AT,100452.0,2012,5566.0,32.7,,,,1786.0,712.0,1599.0,302.0,2.0,1483.0,1638.0,902.0,241.0,1346.0,63.0,1031.0,7.0,1102.0,11.0,408.0,188.0,370.0,4079.0,0.0,17269.0
AT,96449.0,2013,5531.0,32.1,,,,1649.0,868.0,1789.0,302.0,2.0,1418.0,1596.0,837.0,263.0,1536.0,66.0,1041.0,8.0,1242.0,7.0,204.0,0.0,38.0,5147.0,0.0,18012.0
AT,100267.0,2014,5531.0,33.1,,,,1664.0,915.0,1900.0,230.0,2.0,1339.0,1741.0,951.0,302.0,1629.0,60.0,1298.0,7.0,1283.0,9.0,187.0,0.0,3.0,6004.0,0.0,19522.0
AT,100163.0,2015,5522.0,32.5,,,,1364.0,938.0,1777.0,223.0,1.0,1366.0,1673.0,1027.0,301.0,1648.0,56.0,1468.0,8.0,1191.0,10.0,173.0,0.0,4.0,6506.0,0.0,19736.0
AT,102835.0,2016,5491.0,32.1,,,,1671.0,908.0,1877.0,226.0,1.0,1399.0,1448.0,1043.0,270.0,1776.0,136.0,1439.0,8.0,1243.0,11.0,217.0,0.0,41.0,7646.0,0.0,21361.0
AT,107579.0,2017,5527.0,31.9,,,,1755.0,932.0,1920.0,251.0,1.0,1392.0,1521.0,1051.0,247.0,1959.0,190.0,1209.0,8.0,1334.0,11.0,228.0,0.0,38.0,8208.0,0.0,22256.0
AT,105271.0,2018,5526.0,31.6,,,,1782.0,867.0,1861.0,236.0,1.0,1430.0,1440.0,1148.0,250.0,1977.0,172.0,1119.0,9.0,1324.0,3.0,228.0,0.0,33.0,8118.0,0.0,21996.0
AT,102575.0,2019,5615.0,31.0,,,,1702.0,908.0,1990.0,231.0,1.0,1331.0,1420.0,1129.0,245.0,1610.0,128.0,1329.0,5.0,1273.0,0.0,250.0,1.0,28.0,8157.0,0.0,21736.0
AT,97512.0,2020,5607.0,29.8,,,,1448.0,675.0,1724.0,235.0,1.0,1270.0,1427.0,1078.0,355.0,1514.0,154.0,1210.0,3.0,1308.0,0.0,228.0,19.0,41.0,7808.0,0.0,20498.0
AT,105255.0,2021,5603.0,30.0,,,,1431.0,644.0,2043.0,281.0,1.0,1451.0,1407.0,1123.0,324.0,1709.0,130.0,987.0,3.0,1171.0,0.0,328.0,29.0,120.0,8799.0,0.0,21980.0
AT,103870.0,2022,5575.0,30.2,,,,1580.0,691.0,1984.0,310.0,2.0,1435.0,1462.0,1105.0,219.0,1752.0,129.0,1073.0,3.0,1091.0,0.0,318.0,32.0,145.0,8832.0,0.0,22167.0
AT,92443.0,2023,5577.0,29.3,,,,1354.0,638.0,1750.0,347.0,2.0,860.0,1478.0,1061.0,204.0,1561.0,85.0,1164.0,1.0,1101.0,0.0,323.0,20.0,111.0,8148.0,0.0,20205.0
AT,94431.0,2024,,,,,,1430.0,560.0,1805.0,270.0,0.0,1005.0,1490.0,1044.0,168.0,1589.0,68.0,1232.0,1.0,1164.0,0.0,298.0,33.0,339.0,8500.0,0.0,20997.0
BA,13506.0,2014,,,,,,,,,,,,,,,,,,,,,,,,,,
BA,13677.0,2015,,,,,,,,,,,,,,,,,,,,,,,,,,
BA,13155.0,2016,,,,,,,,,,,,,,,,,,,,,,,,,,
BA,13254.0,2017,,,,,,,,,,,,,,,,,,,,,,,,,,
BA,13514.0,2018,,,,,,,,,,,,,,,,,,,,,,,,,,
BA,13693.0,2019,,,,,,,,,,,,,,,,,,,,,,,,,,
BA,11414.0,2020,,,,,,,,,,,,,,,,,,,,,,,,,,
BA,12305.0,2021,,,,,,,,,,,,,,,,,,,,,,,,,,
BA,12685.0,2022,,,,,,,,,,,,,,,,,,,,,,,,,,
BA,11464.0,2023,,,,,,,,,,,,,,,,,,,,,,,,,,
BA,10069.0,2024,,,,,,,,,,,,,,,,,,,,,,,,,,
BE,64648.0,2008,3513.0,13.7,,,,159.0,592.0,644.0,166.0,0.0,169.0,462.0,702.0,114.0,2299.0,16.0,185.0,0.0,132.0,0.0,194.0,0.0,0.0,2635.0,0.0,8469.0
BE,45718.0,2009,3578.0,11.0,,,,101.0,297.0,284.0,86.0,0.0,207.0,388.0,688.0,74.0,1357.0,3.0,119.0,0.0,60.0,0.0,54.0,0.0,0.0,2227.0,0.0,5947.0
BE,54476.0,2010,3582.0,12.0,,,,124.0,364.0,348.0,106.0,0.0,253.0,475.0,843.0,91.0,1662.0,4.0,146.0,0.0,73.0,0.0,67.0,0.0,1.0,2727.0,0.0,7282.0
BE,55876.0,2011,3587.0,12.2,,,,114.0,335.0,320.0,97.0,0.0,233.0,437.0,775.0,84.0,1528.0,3.0,134.0,0.0,67.0,0.0,61.0,0.0,0.0,2508.0,0.0,6697.0
BE,,2013,3595.0,11.0,,,,,,,,,,,,,,,,,,,,,,,,
BE,,2014,3631.0,11.1,,,,,,,,,,,,,,,,,,,,,,,,
BE,,2015,3607.0,11.2,,,,,,,,,,,,,,,,,,,,,,,,
BE,,2016,3602.0,11.1,,,,,,,,,,,,,,,,,,,,,,,,
BE,,2017,3605.0,11.1,,,,,,,,,,,,,,,,,,,,,,,,
BE,,2018,3607.0,12.3,,,,,,,,,,,,,,,,,,,,,,,,
BE,,2019,3614.0,12.1,,,,,,,,,,,,,,,,,,,,,,,,
BE,,2020,3615.0,11.6,,,,,,,,,,,,,,,,,,,,,,,,
BE,,2021,3612.0,11.8,,,,,,,,,,,,,,,,,,,,,,,,
BE,,2022,3619.0,12.4,,,,,,,,,,,,,,,,,,,,,,,,
BE,,2023,3629.0,11.7,,,,,,,,,,,,,,,,,,,,,,,,
BE,,2024,,,,,,,,,,,,,,,,,,,,,,,,,,
BG,19716.0,2008,4144.0,21.7,,,,145.0,4.0,786.0,58.0,6.0,133.0,1296.0,782.0,187.0,851.0,23.0,63.0,1.0,50.0,0.0,27.0,0.0,6.0,254.0,0.0,4671.0
BG,13284.0,2009,4150.0,18.1,,,,94.0,7.0,554.0,42.0,1.0,59.0,928.0,529.0,72.0,491.0,12.0,29.0,0.0,12.0,0.0,18.0,0.0,3.0,220.0,0.0,3073.0
BG,12939.0,2010,4098.0,17.0,,,,48.0,0.0,374.0,52.0,1.0,77.0,964.0,527.0,46.0,529.0,16.0,71.0,0.0,33.0,0.0,21.0,0.0,3.0,220.0,0.0,2982.0
BG,14152.0,2011,4072.0,19.0,,,,130.0,2.0,336.0,45.0,1.0,86.0,913.0,596.0,54.0,635.0,24.0,66.0,0.0,16.0,0.0,18.0,0.0,2.0,243.0,0.0,3168.0
BG,12470.0,2012,4070.0,16.6,,,,63.0,0.0,312.0,54.0,1.0,97.0,751.0,531.0,116.0,479.0,16.0,41.0,0.0,20.0,0.0,14.0,0.0,1.0,223.0,7.0,2727.0
BG,13539.0,2013,4032.0,16.6,,,,130.0,305.0,267.0,26.0,2.0,65.0,375.0,613.0,111.0,212.0,13.0,34.0,0.0,207.0,0.0,15.0,0.0,2.0,204.0,8.0,2591.0
BG,13691.0,2014,4023.0,18.2,,,,62.0,462.0,319.0,42.0,1.0,49.0,268.0,629.0,120.0,219.0,10.0,31.0,0.0,226.0,0.0,7.0,0.0,6.0,119.0,2.0,2572.0
BG,14635.0,2015,4019.0,17.9,,,,27.0,387.0,829.0,68.0,5.0,72.0,324.0,694.0,207.0,216.0,19.0,30.0,1.0,207.0,0.0,14.0,0.0,124.0,38.0,6.0,3267.0
BG,14226.0,2016,4029.0,17.1,,,,22.0,272.0,734.0,78.0,6.0,62.0,324.0,632.0,197.0,215.0,27.0,23.0,1.0,164.0,0.0,17.0,0.0,77.0,37.0,17.0,2903.0
BG,16030.0,2017,4030.0,18.6,,,,52.0,134.0,890.0,59.0,4.0,38.0,462.0,756.0,190.0,225.0,11.0,23.0,0.0,169.0,0.0,13.0,0.0,53.0,19.0,32.0,3130.0
BG,14796.0,2018,4030.0,19.3,,,,29.0,377.0,897.0,45.0,3.0,36.0,628.0,635.0,231.0,245.0,11.0,17.0,1.0,209.0,0.0,15.0,0.0,29.0,23.0,107.0,3540.0
BG,14948.0,2019,4030.0,21.2,,,,54.0,330.0,776.0,66.0,5.0,47.0,614.0,645.0,199.0,305.0,10.0,21.0,1.0,209.0,0.0,14.0,0.0,15.0,20.0,161.0,3491.0
BG,16374.0,2020,4029.0,20.7,,,,35.0,90.0,1001.0,67.0,39.0,45.0,559.0,1116.0,241.0,420.0,60.0,39.0,1.0,130.0,18.0,53.0,0.0,388.0,73.0,122.0,4499.0
BG,18048.0,2021,4031.0,19.6,,,,40.0,192.0,757.0,77.0,49.0,64.0,859.0,846.0,378.0,392.0,52.0,73.0,2.0,159.0,0.0,55.0,0.0,523.0,80.0,57.0,4657.0
BG,19291.0,2022,4029.0,22.9,,,,29.0,273.0,789.0,49.0,3.0,34.0,829.0,1203.0,247.0,401.0,8.0,22.0,50.0,136.0,101.0,11.0,0.0,633.0,247.0,164.0,5229.0
BG,17105.0,2023,4029.0,19.2,,,,21.0,350.0,735.0,65.0,1.0,30.0,706.0,821.0,222.0,375.0,5.0,16.0,59.0,135.0,0.0,8.0,0.0,560.0,232.0,173.0,4514.0
BG,15643.0,2024,,,,,,34.0,152.0,880.0,64.0,1.0,14.0,678.0,957.0,190.0,225.0,5.0,19.0,4.0,150.0,0.0,5.0,0.0,585.0,161.0,123.0,4245.0
CH,69864.0,2008,5146.0,35.5,37705.0,25631.0,63336.0,420.0,30.0,580.0,288.0,5.0,297.0,1010.0,303.0,293.0,782.0,31.0,238.0,1.0,240.0,0.0,115.0,0.0,665.0,6184.0,0.0,11483.0
CH,61848.0,2009,5188.0,33.5,35765.0,20875.0,56640.0,372.0,25.0,600.0,325.0,4.0,227.0,1057.0,240.0,272.0,403.0,18.0,187.0,1.0,166.0,0.0,99.0,0.0,506.0,4993.0,0.0,9495.0
CH,63989.0,2010,5124.0,33.8,39125.0,21293.0,60418.0,374.0,19.0,623.0,289.0,4.0,206.0,950.0,247.0,282.0,569.0,10.0,222.0,1.0,216.0,287.0,146.0,0.0,683.0,5621.0,2.0,10750.0
CH,65038.0,2011,5140.0,35.2,40349.0,20766.0,61114.0,369.0,12.0,650.0,293.0,3.0,164.0,926.0,272.0,280.0,479.0,7.0,195.0,3.0,213.0,235.0,129.0,0.0,838.0,5940.0,2.0,11009.0
CH,60270.0,2012,5147.0,34.6,34013.0,21593.0,55607.0,304.0,10.0,616.0,272.0,3.0,116.0,941.0,286.0,290.0,476.0,7.0,177.0,3.0,188.0,214.0,125.0,2.0,753.0,5507.0,2.0,10290.0
CH,64999.0,2013,5181.0,36.1,36401.0,23104.0,59505.0,300.0,8.0,610.0,273.0,3.0,103.0,980.0,381.0,281.0,452.0,15.0,170.0,5.0,178.0,269.0,78.0,0.0,769.0,6138.0,2.0,11015.0
CH,65375.0,2014,5187.0,36.2,38197.0,22149.0,60345.0,312.0,6.0,671.0,290.0,4.0,251.0,919.0,437.0,311.0,869.0,10.0,573.0,6.0,197.0,319.0,79.0,0.0,205.0,6205.0,2.0,11667.0
CH,66089.0,2015,5205.0,37.3,39475.0,21357.0,60832.0,263.0,8.0,676.0,272.0,4.0,262.0,891.0,431.0,281.0,896.0,9.0,188.0,8.0,194.0,324.0,243.0,0.0,250.0,6486.0,0.0,11685.0
CH,67846.0,2016,5249.0,37.5,40040.0,21108.0,61148.0,275.0,9.0,725.0,282.0,3.0,331.0,872.0,445.0,280.0,878.0,5.0,206.0,7.0,186.0,360.0,80.0,0.0,207.0,6495.0,2.0,11650.0
CH,67157.0,2017,5251.0,34.7,44459.0,14638.0,59097.0,200.0,4.0,592.0,315.0,5.0,204.0,842.0,324.0,257.0,876.0,4.0,214.0,5.0,177.0,364.0,75.0,0.0,209.0,6064.0,2.0,10733.0
CH,68719.0,2018,5248.0,34.7,40377.0,20404.0,60781.0,183.0,2.0,553.0,506.0,3.0,204.0,820.0,290.0,249.0,951.0,4.0,203.0,7.0,189.0,354.0,68.0,0.0,236.0,6315.0,2.0,11138.0
CH,68658.0,2019,5288.0,34.3,40423.0,19577.0,60000.0,181.0,3.0,418.0,459.0,5.0,183.0,838.0,290.0,222.0,852.0,4.0,204.0,5.0,201.0,327.0,66.0,0.0,230.0,6479.0,2.0,10970.0
CH,64987.0,2020,5303.0,32.5,37688.0,18526.0,56214.0,137.0,2.0,336.0,589.0,3.0,152.0,700.0,272.0,221.0,788.0,5.0,156.0,4.0,202.0,327.0,75.0,0.0,236.0,6205.0,1.0,10411.0
CH,67901.0,2021,5318.0,33.6,40139.0,18292.0,58431.0,128.0,3.0,351.0,558.0,2.0,159.0,637.0,305.0,224.0,1013.0,7.0,157.0,3.0,260.0,291.0,51.0,0.0,322.0,6775.0,1.0,11245.0
CH,69319.0,2022,5318.0,33.6,38424.0,18089.0,56513.0,155.0,2.0,334.0,556.0,4.0,212.0,615.0,277.0,213.0,958.0,8.0,142.0,4.0,236.0,283.0,55.0,0.0,342.0,6652.0,1.0,11049.0
CH,67108.0,2023,5318.0,34.3,37159.0,16131.0,53290.0,146.0,2.0,333.0,540.0,1.0,183.0,535.0,223.0,197.0,843.0,6.0,115.0,3.0,203.0,219.0,55.0,0.0,357.0,6388.0,0.0,10351.0
CH,66187.0,2024,,,35838.0,15376.0,51215.0,126.0,13.0,278.0,517.0,1.0,162.0,515.0,241.0,169.0,747.0,6.0,75.0,3.0,181.0,167.0,56.0,0.0,294.0,6389.0,2.0,9943.0
CZ,95073.0,2008,9586.0,32.2,,,,632.0,5221.0,1193.0,131.0,13.0,363.0,1031.0,740.0,548.0,1319.0,22.0,185.0,1.0,615.0,0.0,43.0,0.0,0.0,1299.0,2081.0,15437.0
CZ,76715.0,2009,9578.0,30.5,,,,772.0,5066.0,919.0,149.0,1.0,349.0,985.0,630.0,357.0,1103.0,17.0,313.0,8.0,428.0,0.0,36.0,0.0,0.0,1575.0,85.0,12791.0
CZ,82900.0,2010,9568.0,30.1,,,,843.0,4876.0,966.0,149.0,2.0,366.0,1225.0,753.0,320.0,1407.0,12.0,337.0,5.0,467.0,0.0,47.0,0.0,2.0,1974.0,19.0,13770.0
CZ,87096.0,2011,9572.0,30.1,,,,875.0,4903.0,1018.0,109.0,2.0,348.0,1179.0,833.0,319.0,1493.0,14.0,362.0,1.0,552.0,0.0,57.0,0.0,134.0,2089.0,28.0,14316.0
CZ,82968.0,2012,9570.0,30.5,,,,1080.0,4738.0,890.0,144.0,2.0,358.0,1067.0,726.0,249.0,1465.0,12.0,413.0,0.0,488.0,0.0,52.0,0.0,243.0,2307.0,34.0,14267.0
CZ,83957.0,2013,9560.0,28.3,,,,1166.0,4084.0,925.0,120.0,2.0,345.0,1227.0,790.0,243.0,1402.0,10.0,476.0,0.0,452.0,0.0,41.0,0.0,342.0,2277.0,64.0,13965.0
CZ,91556.0,2014,9559.0,28.2,,,,1151.0,3932.0,946.0,92.0,1.0,227.0,1621.0,771.0,269.0,1326.0,8.0,571.0,0.0,452.0,0.0,69.0,0.0,575.0,2493.0,70.0,14575.0
CZ,97280.0,2015,9566.0,26.3,,,,1162.0,3603.0,961.0,85.0,1.0,200.0,1644.0,842.0,308.0,1191.0,7.0,741.0,0.0,414.0,0.0,52.0,0.0,2180.0,1823.0,46.0,15261.0
CZ,98034.0,2016,9564.0,26.5,,,,1400.0,3485.0,1006.0,96.0,1.0,216.0,1535.0,940.0,283.0,1279.0,7.0,709.0,0.0,435.0,0.0,79.0,0.0,2468.0,1677.0,1.0,15619.0
CZ,96516.0,2017,9567.0,26.9,,,,1531.0,3199.0,888.0,127.0,1.0,295.0,1498.0,1024.0,333.0,1364.0,7.0,613.0,1.0,438.0,0.0,50.0,0.0,2552.0,1920.0,2.0,15843.0
CZ,99307.0,2018,9572.0,27.6,,,,1657.0,2684.0,973.0,121.0,1.0,259.0,1263.0,1044.0,331.0,1463.0,6.0,801.0,3.0,436.0,0.0,57.0,0.0,2800.0,2658.0,7.0,16564.0
CZ,98804.0,2019,9562.0,26.2,,,,1342.0,2407.0,818.0,136.0,1.0,322.0,1547.0,877.0,354.0,1177.0,13.0,679.0,2.0,433.0,0.0,57.0,0.0,3080.0,2910.0,25.0,16180.0
CZ,90902.0,2020,9542.0,22.8,,,,1625.0,1789.0,767.0,110.0,1.0,545.0,1366.0,945.0,364.0,1114.0,16.0,549.0,0.0,456.0,0.0,46.0,0.0,56.0,5493.0,10.0,15251.0
CZ,99550.0,2021,9523.0,22.8,,,,1482.0,1832.0,815.0,111.0,1.0,671.0,1633.0,995.0,365.0,1266.0,24.0,482.0,0.0,542.0,0.0,53.0,0.0,47.0,5997.0,11.0,16326.0
CZ,90797.0,2022,9521.0,22.1,,,,1626.0,2305.0,776.0,104.0,0.0,506.0,1655.0,826.0,400.0,1176.0,15.0,387.0,0.0,477.0,0.0,76.0,0.0,42.0,5970.0,26.0,16368.0
CZ,83120.0,2023,9514.0,21.7,,,,1460.0,1979.0,515.0,87.0,0.0,496.0,1785.0,768.0,288.0,886.0,23.0,460.0,0.0,479.0,0.0,47.0,0.0,107.0,5487.0,172.0,15038.0
CZ,80408.0,2024,,,,,,1691.0,1310.0,411.0,164.0,0.0,454.0,1753.0,815.0,256.0,1086.0,28.0,420.0,0.0,464.0,0.0,37.0,0.0,282.0,5580.0,102.0,14853.0
DE,371727.0,2008,37798.0,19.3,267134.0,104164.0,371298.0,3799.0,7162.0,11912.0,1485.0,16.0,6726.0,12074.0,9350.0,2638.0,15464.0,615.0,4346.0,193.0,3392.0,0.0,1570.0,6.0,0.0,34904.0,0.0,115652.0
DE,310110.0,2009,37934.0,17.8,,,,3320.0,6188.0,9813.0,1298.0,17.0,5421.0,10640.0,7684.0,2699.0,10259.0,436.0,3463.0,320.0,2684.0,0.0,1283.0,6.0,0.0,30304.0,0.0,95834.0
DE,354328.0,2010,38750.0,18.7,262955.0,92984.0,355939.0,2783.0,6233.0,10597.0,1538.0,26.0,5619.0,10931.0,8986.0,2377.0,12996.0,486.0,4239.0,43.0,3078.0,0.0,1675.0,7.0,0.0,35702.0,1.0,107317.0
DE,373726.0,2011,38712.0,19.3,269220.0,105581.0,374801.0,2190.0,6309.0,13086.0,1130.0,13.0,5451.0,10983.0,9650.0,2409.0,14340.0,393.0,4605.0,22.0,2933.0,0.0,1401.0,15.0,1547.0,36292.0,391.0,113160.0
DE,365036.0,2012,38648.0,19.1,270644.0,95560.0,366204.0,1661.0,6849.0,12302.0,1261.0,11.0,5206.0,10442.0,9985.0,2447.0,13081.0,381.0,5298.0,42.0,2663.0,0.0,1443.0,13.0,1084.0,35361.0,535.0,110065.0
DE,367533.0,2013,38653.801,18.8,267938.0,105337.0,373274.0,1490.0,7483.0,12482.0,1127.0,10.0,4887.0,10343.0,9871.0,2430.0,12417.0,373.0,5306.0,116.0,2530.0,0.0,1548.0,20.0,1491.0,36146.0,583.0,110655.0
DE,363975.0,2014,38658.765,18.8,257216.0,107810.0,365026.0,1486.0,7209.0,12447.0,1182.0,11.0,4907.0,10443.0,9500.0,2479.0,12311.0,447.0,5592.0,38.0,2543.0,0.0,1644.0,21.0,1310.0,38554.0,504.0,112629.0
DE,360134.0,2015,38630.502,19.0,,,,1473.0,7612.0,12366.0,1095.0,8.0,4932.0,10705.0,9264.0,2574.0,12296.0,486.0,6258.0,34.0,2459.0,0.0,1997.0,12.0,2654.0,37470.0,649.0,114341.0
DE,392962.0,2016,38696.542,21.3,243435.0,106359.0,349794.0,1552.0,8180.0,12362.0,1347.0,0.0,4469.0,11294.0,9137.0,2596.0,13893.0,392.0,5279.0,18.0,3204.0,0.0,2296.0,8.0,655.0,42407.0,472.0,119562.0
DE,369386.0,2017,38802.643,19.7,240100.0,124033.0,364132.0,1547.0,7066.0,12036.0,1186.0,0.0,4316.0,10346.0,8755.0,2532.0,14513.0,414.0,4963.0,7.0,3317.0,0.0,2495.0,11.0,755.0,40832.0,485.0,115576.0
DE,355000.0,2018,38994.798,20.2,280570.0,107325.0,387895.0,1386.0,6334.0,11843.0,1127.0,3.0,4512.0,11387.0,9208.0,2366.0,14291.0,361.0,7469.0,10.0,3049.0,0.0,3130.0,23.0,1104.0,42555.0,196.0,120357.0
DE,362624.0,2019,39068.117,19.8,267322.0,99868.0,367190.0,2248.0,6528.0,12369.0,1297.0,2.0,4808.0,10651.0,8468.0,2230.0,12802.0,329.0,7008.0,14.0,2955.0,0.0,3567.0,6.0,1589.0,45174.0,144.0,122190.0
DE,325161.0,2020,38799.773,17.6,,,,2680.0,4901.0,11418.0,1088.0,2.0,4144.0,9595.0,7659.0,1999.0,9461.0,180.0,4277.0,12.0,1926.0,0.0,3375.0,2.0,1385.0,44168.0,132.0,108406.0
DE,363646.0,2021,38783.143,19.0,,,,4005.0,5477.0,13553.0,1087.0,3.0,5521.0,9672.0,8049.0,2562.0,11166.0,216.0,4165.0,9.0,2273.0,,4027.0,1.0,2024.0,49128.0,129.0,123067.0
DE,368876.0,2022,38836.096,19.8,,,,3914.0,6415.0,13684.0,1089.0,6.0,5428.0,10217.0,7621.0,2770.0,10547.0,217.0,4244.0,7.0,2431.0,0.0,3959.0,1.0,882.0,50790.0,332.0,124553.0
DE,351819.0,2023,38691.0,20.6,,,,3830.0,5973.0,13609.0,1057.0,5.0,4918.0,11370.0,8201.0,2315.0,12003.0,290.0,5344.0,10.0,2833.0,0.0,4011.0,95.0,592.0,48383.0,525.0,125364.0
DE,337515.0,2024,,,,,,3475.0,4867.0,13254.0,933.0,1.0,4851.0,12018.0,8586.0,1958.0,11724.0,266.0,5114.0,17.0,2768.0,0.0,2640.0,2.0,819.0,52482.0,547.0,126320.0
DK,7198.0,2008,2606.0,9.0,,,,47.0,0.0,12.0,18.0,0.0,195.0,3.0,101.0,23.0,287.0,6.0,38.0,3.0,51.0,0.0,81.0,0.0,10.0,988.0,0.0,1863.0
DK,6163.0,2009,2606.0,9.1,,,,9.0,5.0,17.0,14.0,11.0,106.0,1.0,56.0,11.0,99.0,4.0,9.0,2.0,42.0,0.0,65.0,0.0,2.0,1244.0,0.0,1697.0
DK,8121.0,2010,2606.0,11.5,,,,17.0,0.0,19.0,31.0,0.0,225.0,1.0,89.0,21.0,250.0,10.0,24.0,2.0,100.0,0.0,83.0,0.0,2.0,1364.0,,2237.0
DK,9276.0,2011,2615.0,12.4,,,,32.0,0.0,12.0,13.0,0.0,540.0,1.0,85.0,33.0,305.0,10.0,21.0,3.0,123.0,0.0,89.0,0.0,32.0,1315.0,0.0,2613.0
DK,7982.0,2012,2615.0,10.9,,,,31.0,0.0,9.0,9.0,0.0,525.0,4.0,81.0,33.0,302.0,9.0,20.0,3.0,123.0,0.0,87.0,0.0,36.0,1270.0,0.0,2538.0
DK,7956.0,2013,2615.0,11.3,,,,18.0,0.0,15.0,17.0,0.0,558.0,3.0,66.0,24.0,255.0,11.0,23.0,2.0,95.0,0.0,41.0,0.0,418.0,905.0,,2448.0
DK,8082.0,2014,2612.0,11.2,,,,16.0,0.0,14.0,17.0,0.0,570.0,0.0,74.0,37.0,286.0,16.0,26.0,1.0,79.0,0.0,46.0,0.0,91.0,547.0,632.0,2453.0
DK,8652.0,2015,2552.0,12.0,,,,20.0,,11.0,15.0,,630.0,0.0,70.0,32.0,369.0,17.0,27.0,1.0,74.0,,50.0,0.0,94.0,480.0,713.0,2603.0
DK,9383.0,2016,2539.0,11.3,,,,20.0,0.0,12.0,21.0,0.0,698.0,0.0,63.0,73.0,382.0,16.0,30.0,1.0,60.0,0.0,54.0,0.0,88.0,591.0,507.0,2616.0
DK,9314.0,2017,2481.0,11.5,,,,16.0,0.0,14.0,65.0,0.0,538.0,0.0,77.0,73.0,442.0,19.0,35.0,0.0,61.0,0.0,61.0,0.0,65.0,1187.0,,2653.0
DK,9097.0,2018,2481.0,11.8,,,,12.0,0.0,10.0,61.0,0.0,512.0,1.0,75.0,69.0,417.0,18.0,51.0,0.0,57.0,0.0,57.0,0.0,84.0,1169.0,0.0,2594.0
DK,8512.0,2019,2536.0,11.5,,,,14.0,0.0,11.0,68.0,0.0,486.0,1.0,78.0,47.0,359.0,16.0,77.0,0.0,80.0,0.0,50.0,0.0,76.0,1163.0,0.0,2525.0
DK,8615.0,2020,2485.0,10.8,,,,12.0,0.0,15.0,62.0,0.0,534.0,0.0,75.0,71.0,338.0,15.0,81.0,0.0,87.0,0.0,40.0,0.0,78.0,1043.0,0.0,2450.0
DK,6936.0,2021,2485.0,8.7,,,,13.0,0.0,16.0,50.0,1.0,519.0,0.0,72.0,52.0,363.0,16.0,85.0,0.0,83.0,0.0,40.0,0.0,104.0,572.0,0.0,1986.0
DK,7759.0,2022,2448.0,9.6,,,,8.0,0.0,15.0,23.0,1.0,527.0,0.0,64.0,41.0,354.0,14.0,82.0,1.0,78.0,0.0,43.0,0.0,122.0,838.0,0.0,2211.0
DK,6756.0,2023,2448.0,8.2,,,,6.0,0.0,13.0,20.0,0.0,413.0,0.0,41.0,33.0,303.0,6.0,100.0,0.0,80.0,0.0,51.0,0.0,102.0,737.0,0.0,1906.0
DK,6443.0,2024,,,,,,8.0,0.0,10.0,14.0,0.0,347.0,0.0,46.0,36.0,306.0,6.0,115.0,0.0,92.0,0.0,36.0,0.0,93.0,694.0,1.0,1802.0
EE,52752.0,2008,1196.0,68.2,,,,122.0,617.0,99.0,75.0,1.0,24.0,4391.0,276.0,121.0,183.0,11.0,5.0,0.0,2.0,0.0,0.0,7.0,8.0,0.0,1.0,5943.0
EE,45954.0,2009,1196.0,74.1,,,,24.0,851.0,101.0,61.0,1.0,16.0,4341.0,376.0,57.0,86.0,9.0,2.0,0.0,1.0,0.0,0.0,13.0,5.0,0.0,0.0,5947.0
EE,46705.0,2010,1196.0,75.4,,,,42.0,1051.0,59.0,53.0,1.0,27.0,4785.0,449.0,62.0,83.0,7.0,4.0,1.0,2.0,0.0,0.0,7.0,5.0,0.0,0.0,6638.0
EE,48378.0,2011,1196.0,71.6,,,,44.0,1021.0,60.0,51.0,1.0,27.0,4310.0,552.0,88.0,86.0,12.0,2.0,4.0,1.0,0.0,0.0,4.0,8.0,0.0,0.0,6271.0
EE,44725.0,2012,1196.0,66.9,,,,40.0,633.0,66.0,44.0,2.0,12.0,3182.0,934.0,95.0,70.0,14.0,5.0,3.0,1.0,0.0,0.0,16.0,12.0,0.0,0.0,5129.0
EE,43682.0,2013,1166.0,64.0,,,,46.0,590.0,62.0,51.0,3.0,8.0,3140.0,635.0,94.0,47.0,18.0,3.0,5.0,2.0,0.0,0.0,18.0,0.0,0.0,0.0,4722.0
EE,36289.0,2014,1166.0,55.2,,,,43.0,578.0,30.0,49.0,3.0,6.0,1694.0,664.0,85.0,42.0,18.0,0.0,9.0,1.0,0.0,0.0,34.0,0.0,0.0,0.0,3256.0
EE,28026.0,2015,1164.0,52.4,,,,24.0,553.0,25.0,32.0,2.0,4.0,1672.0,705.0,38.0,30.0,11.0,0.0,5.0,0.0,0.0,0.0,16.0,0.0,0.0,0.0,3117.0
EE,25364.0,2016,1161.0,42.9,,,,25.0,496.0,21.0,91.0,2.0,2.0,759.0,717.0,26.0,43.0,13.0,0.0,2.0,0.0,0.0,0.0,143.0,0.0,0.0,0.0,2340.0
EE,27256.0,2017,1161.0,44.4,,,,21.0,587.0,22.0,93.0,2.0,2.0,687.0,717.0,93.0,48.0,14.0,0.0,5.0,0.0,0.0,0.0,32.0,0.0,0.0,0.0,2325.0
EE,27813.0,2018,1161.0,46.2,,,,38.0,518.0,36.0,68.0,1.0,3.0,823.0,834.0,185.0,49.0,14.0,0.0,3.0,0.0,0.0,0.0,14.0,0.0,0.0,0.0,2588.0
EE,21341.0,2019,1167.0,42.0,,,,23.0,294.0,42.0,59.0,0.0,7.0,768.0,840.0,21.0,37.0,14.0,0.0,1.0,0.0,0.0,0.0,49.0,0.0,0.0,0.0,2155.0
EE,15801.0,2020,1167.0,38.6,,,,17.0,172.0,29.0,95.0,0.0,1.0,482.0,857.0,3.0,30.0,15.0,0.0,0.0,0.0,0.0,0.0,27.0,0.0,0.0,0.0,1729.0
EE,23306.0,2021,1167.0,40.1,,,,20.0,212.0,35.0,98.0,0.0,2.0,693.0,978.0,6.0,44.0,12.0,0.0,0.0,0.0,0.0,0.0,23.0,0.0,0.0,0.0,2124.0
EE,17713.0,2022,1175.0,27.3,,,,37.0,353.0,52.0,110.0,0.0,2.0,479.0,160.0,7.0,35.0,11.0,0.0,1.0,0.0,0.0,0.0,38.0,0.0,1.0,0.0,1286.0
EE,10106.0,2023,1171.0,20.4,,,,32.0,187.0,66.0,122.0,0.0,1.0,275.0,10.0,1.0,6.0,4.0,3.0,0.0,0.0,0.0,0.0,26.0,38.0,1.0,0.0,771.0
EE,6792.0,2024,,,,,,19.0,117.0,36.0,102.0,0.0,9.0,238.0,8.0,0.0,1.0,2.0,0.0,0.0,0.0,0.0,0.0,30.0,18.0,1.0,14.0,595.0
EL,4253.0,2008,2552.0,2.9,,,,25.0,13.0,0.0,29.0,0.0,118.0,44.0,19.0,150.0,184.0,17.0,0.0,33.0,0.0,0.0,152.0,0.0,0.0,0.0,1.0,786.0
EL,3377.0,2009,2552.0,2.1,,,,42.0,6.0,0.0,12.0,0.0,76.0,40.0,12.0,102.0,90.0,11.0,0.0,11.0,0.0,0.0,148.0,0.0,0.0,1.0,1.0,552.0
EL,3982.0,2010,2552.0,2.2,,,,43.0,1.0,0.0,25.0,0.0,101.0,30.0,14.0,109.0,112.0,13.0,0.0,8.0,0.0,0.0,156.0,0.0,0.0,1.0,1.0,614.0
EL,2702.0,2011,2554.0,1.8,,,,13.0,7.0,0.0,18.0,0.0,36.0,25.0,6.0,56.0,108.0,10.0,0.0,3.0,0.0,0.0,68.0,0.0,0.0,1.0,0.0,352.0
EL,2272.0,2012,2554.0,1.5,,,,21.0,18.0,0.0,33.0,0.0,27.0,33.0,4.0,16.0,66.0,4.0,0.0,2.0,0.0,0.0,58.0,0.0,0.0,1.0,0.0,283.0
EL,1980.0,2013,2586.0,1.5,,,,6.0,9.0,0.0,39.0,0.0,23.0,23.0,3.0,18.0,68.0,5.0,0.0,1.0,0.0,0.0,43.0,0.0,0.0,0.0,0.0,237.0
EL,2143.0,2014,2238.0,1.7,,,,62.0,8.0,0.0,21.0,0.0,26.0,13.0,3.0,25.0,75.0,5.0,0.0,2.0,0.0,0.0,72.0,0.0,0.0,1.0,0.0,311.0
EL,1404.0,2015,2240.0,1.6,,,,12.0,3.0,0.0,11.0,0.0,24.0,17.0,6.0,22.0,31.0,4.0,0.0,1.0,0.0,0.0,162.0,0.0,0.0,1.0,0.0,294.0
EL,1094.0,2016,2240.0,1.3,,,,11.0,0.0,0.0,10.0,0.0,18.0,24.0,2.0,15.0,48.0,2.0,0.0,4.0,0.0,0.0,119.0,0.0,0.0,1.0,0.0,254.0
EL,1328.0,2017,2240.0,1.8,,,,14.0,0.0,0.0,4.0,0.0,12.0,26.0,2.0,16.0,53.0,1.0,0.0,1.0,0.0,0.0,228.0,0.0,0.0,0.0,0.0,358.0
EL,,2018,2293.0,2.1,,,,7.0,1.0,0.0,1.0,0.0,11.0,25.0,2.0,15.0,37.0,1.0,0.0,1.0,0.0,0.0,307.0,0.0,0.0,0.0,0.0,408.0
EL,,2019,2280.0,2.4,,,,2.0,0.0,,1.0,,10.0,6.0,1.0,16.0,48.0,1.0,,1.0,,,405.0,,,0.0,,491.0
EL,,2020,2345.0,3.1,,,,1.0,1.0,0.0,0.0,0.0,9.0,5.0,3.0,18.0,44.0,0.0,0.0,0.0,0.0,0.0,474.0,0.0,0.0,0.0,0.0,555.0
EL,,2021,2339.0,2.9,,,,0.0,1.0,,,,7.0,3.0,1.0,21.0,28.0,0.0,,0.0,,,516.0,,,1.0,,579.0
EL,,2022,1990.0,2.3,,,,0.0,1.0,0.0,0.0,0.0,5.0,2.0,0.0,19.0,23.0,0.0,0.0,0.0,0.0,0.0,407.0,0.0,0.0,0.0,0.0,458.0
EL,,2023,1822.0,1.1,,,,0.0,0.0,0.0,0.0,0.0,1.0,1.0,0.0,4.0,19.0,0.0,0.0,0.0,0.0,0.0,185.0,0.0,0.0,0.0,0.0,211.0
EL,583.0,2024,,,,,,0.0,0.0,0.0,0.0,0.0,1.0,1.0,0.0,2.0,12.0,1.0,0.0,0.0,0.0,0.0,223.0,0.0,0.0,0.0,0.0,239.0
ES,26856.0,2008,13353.0,4.8,,,,219.0,3.0,2181.0,9.0,0.0,518.0,311.0,105.0,63.0,1.0,14.0,2985.0,0.0,0.0,0.0,0.0,0.0,0.0,3327.0,0.0,9737.0
ES,21087.0,2009,13354.0,4.0,,,,545.0,161.0,258.0,86.0,0.0,163.0,516.0,295.0,454.0,1106.0,0.0,646.0,0.0,91.0,0.0,1.0,0.0,116.0,2534.0,0.0,6973.0
ES,21578.0,2010,13853.0,4.6,,,,639.0,111.0,282.0,94.0,0.0,294.0,491.0,338.0,354.0,1361.0,1.0,650.0,0.0,109.0,0.0,1.0,0.0,127.0,2912.0,2.0,7765.0
ES,23899.0,2011,13945.0,5.0,,,,722.0,368.0,185.0,97.0,0.0,379.0,399.0,393.0,255.0,1330.0,1.0,704.0,0.0,71.0,0.0,1.0,0.0,134.0,3102.0,1.0,8140.0
ES,24903.0,2012,13976.0,5.3,,,,676.0,397.0,143.0,54.0,0.0,447.0,327.0,280.0,223.0,1142.0,1.0,594.0,0.0,55.0,0.0,0.0,0.0,175.0,3623.0,1.0,8139.0
ES,24949.0,2013,15312.0,5.3,,,,663.0,305.0,191.0,35.0,0.0,576.0,187.0,364.0,237.0,1547.0,3.0,681.0,0.0,87.0,0.0,1.0,0.0,201.0,3628.0,0.0,8706.0
ES,28436.0,2014,15182.0,5.9,,,,703.0,567.0,251.0,39.0,0.0,793.0,189.0,323.0,345.0,1566.0,4.0,816.0,0.0,104.0,0.0,0.0,0.0,853.0,3514.0,0.0,10068.0
ES,28960.0,2015,15384.0,5.8,,,,796.0,591.0,143.0,45.0,0.0,809.0,227.0,455.0,261.0,1733.0,2.0,952.0,0.0,70.0,0.0,28.0,0.0,697.0,3414.0,0.0,10223.0
ES,26504.0,2016,16167.0,5.3,,,,838.0,452.0,119.0,92.0,0.0,727.0,179.0,468.0,210.0,1669.0,2.0,923.0,0.0,89.0,0.0,27.0,0.0,729.0,3283.0,0.0,9808.0
ES,27654.0,2017,15949.0,5.1,,,,699.0,631.0,137.0,148.0,0.0,663.0,193.0,424.0,218.0,1766.0,2.0,823.0,0.0,64.0,0.0,34.0,0.0,951.0,3367.0,0.0,10121.0
ES,27161.0,2018,15449.0,5.0,,,,516.0,308.0,64.0,85.0,0.0,636.0,176.0,538.0,152.0,2438.0,2.0,556.0,0.0,69.0,0.0,105.0,0.0,777.0,3064.0,879.0,10365.0
ES,26268.0,2019,16006.02,4.8,,,,544.0,173.0,27.0,49.0,219.0,609.0,169.0,589.0,141.0,2298.0,1.0,529.0,0.0,56.0,0.0,114.0,0.0,834.0,3913.0,20.0,10285.0
ES,22254.0,2020,16135.36,4.1,,,,472.0,1.0,44.0,56.0,0.0,516.0,153.0,597.0,136.0,1708.0,1.0,370.0,0.0,40.0,0.0,1318.0,0.0,692.0,2183.0,276.0,8563.0
ES,24716.0,2021,16280.46,4.3,,,,478.0,1.0,74.0,30.0,153.0,592.0,165.0,618.0,153.0,2253.0,2.0,282.0,0.0,37.0,0.0,142.0,1281.0,960.0,2886.0,191.0,10299.0
ES,24895.0,2022,16468.426,4.4,,,,588.0,0.0,89.0,43.0,234.0,571.0,198.0,601.0,153.0,1986.0,2.0,335.0,8.0,49.0,0.0,138.0,0.0,2167.0,3170.0,232.0,10566.0
ES,23890.0,2023,16113.53,4.2,,,,568.0,0.0,54.0,85.0,0.0,529.0,139.0,459.0,129.0,1844.0,1.0,444.0,0.0,27.0,0.0,105.0,0.0,712.0,4394.0,482.0,9972.0
ES,21834.0,2024,,,,,,515.0,2.0,87.0,58.0,186.0,522.0,136.0,456.0,122.0,1843.0,1.0,418.0,0.0,33.0,0.0,33.0,0.0,535.0,4168.0,234.0,9349.0
FI,41937.0,2008,5919.0,27.2,0.0,41937.0,41937.0,2908.0,280.0,1251.0,27.0,0.0,2683.0,541.0,1357.0,35.0,1030.0,38.0,415.0,1.0,209.0,0.0,0.0,0.0,0.0,0.0,0.0,10777.0
FI,32860.0,2009,5919.0,25.8,0.0,32860.0,32860.0,2508.0,223.0,1349.0,21.0,0.0,1970.0,560.0,1010.0,37.0,704.0,20.0,364.0,0.0,105.0,0.0,0.0,0.0,0.0,0.0,0.0,8872.0
FI,35795.0,2010,5919.0,26.8,0.0,35795.0,35795.0,2845.0,136.0,1563.0,15.0,0.0,2089.0,544.0,1196.0,36.0,891.0,16.0,307.0,0.0,112.0,0.0,0.0,0.0,0.0,0.0,0.0,9750.0
FI,34827.0,2011,5944.0,27.6,0.0,34827.0,34827.0,2519.0,19.0,1789.0,9.0,0.0,2023.0,463.0,1410.0,27.0,867.0,20.0,173.0,0.0,75.0,0.0,0.0,0.0,0.0,0.0,0.0,9395.0
FI,35267.0,2012,5944.0,28.6,0.0,35267.0,35267.0,2559.0,17.0,1470.0,8.0,0.0,1990.0,467.0,1704.0,24.0,835.0,17.0,116.0,0.0,69.0,0.0,0.0,0.0,0.0,0.0,0.0,9275.0
FI,36433.0,2013,5944.0,30.1,0.0,36433.0,36433.0,2584.0,82.0,1882.0,5.0,0.0,1813.0,467.0,1632.0,40.0,751.0,14.0,125.0,0.0,76.0,0.0,0.0,0.0,0.0,0.0,0.0,9470.0
FI,37008.0,2014,5944.0,30.7,0.0,37008.0,37008.0,2570.0,138.0,2264.0,5.0,0.0,1726.0,412.0,1620.0,28.0,714.0,12.0,37.0,0.0,70.0,0.0,0.0,0.0,0.0,0.0,0.0,9597.0
FI,33392.0,2015,5923.0,27.0,0.0,33392.0,33392.0,2504.0,130.0,1721.0,5.0,0.0,1756.0,344.0,1143.0,28.0,778.0,16.0,17.0,0.0,25.0,0.0,0.0,0.0,0.0,0.0,0.0,8468.0
FI,36162.0,2016,5926.0,26.8,0.0,36147.0,36147.0,2704.0,158.0,2343.0,6.0,0.0,1820.0,339.0,1133.0,50.0,844.0,15.0,12.0,0.0,21.0,0.0,0.0,0.0,0.0,0.0,0.0,9445.0
FI,38468.0,2017,5926.0,27.3,0.0,38406.0,38406.0,2843.0,64.0,2736.0,6.0,0.0,1924.0,309.0,1394.0,25.0,957.0,15.0,15.0,0.0,29.0,0.0,0.0,0.0,0.0,0.0,0.0,10319.0
FI,40721.0,2018,5926.0,29.0,0.0,39430.0,39430.0,3122.0,509.0,2669.0,6.0,0.0,2055.0,293.0,1401.0,12.0,902.0,17.0,18.0,0.0,24.0,0.0,0.0,0.0,0.0,0.0,0.0,11030.0
FI,38464.0,2019,5923.0,26.9,0.0,36907.0,36907.0,3115.0,550.0,1937.0,5.0,0.0,1886.0,299.0,1469.0,8.0,767.0,18.0,18.0,0.0,15.0,0.0,0.0,0.0,0.0,0.0,0.0,10088.0
FI,38406.0,2020,5918.0,25.9,0.0,36589.0,36589.0,3055.0,181.0,2020.0,2.0,0.0,1766.0,346.0,1631.0,12.0,849.0,22.0,20.0,0.0,8.0,0.0,0.0,0.0,0.0,0.0,0.0,9914.0
FI,40180.0,2021,5918.0,26.9,,37352.0,37352.0,3359.0,619.0,1897.0,2.0,0.0,1945.0,349.0,1604.0,8.0,908.0,36.0,21.0,0.0,2.0,0.0,0.0,0.0,0.0,0.0,0.0,10750.0
FI,31229.0,2022,5918.0,22.5,,,,3687.0,289.0,525.0,1.0,0.0,1808.0,325.0,1373.0,3.0,747.0,19.0,22.0,0.0,38.0,0.0,0.0,0.0,0.0,8.0,0.0,8844.0
FI,27066.0,2023,5915.0,22.0,0.0,27066.0,27066.0,3716.0,0.0,317.0,0.0,0.0,1697.0,93.0,1205.0,1.0,677.0,25.0,0.0,0.0,18.0,0.0,0.0,0.0,0.0,120.0,0.0,7869.0
FI,26640.0,2024,,,0.0,26640.0,26640.0,3799.0,0.0,415.0,0.0,0.0,1880.0,98.0,1007.0,111.0,711.0,20.0,0.0,0.0,39.0,0.0,0.0,0.0,0.0,145.0,0.0,8226.0
FR,108536.0,2008,31274.0,11.5,,,,3805.0,1019.0,4738.0,2876.0,6.0,730.0,2248.0,3523.0,1855.0,6247.0,104.0,1720.0,15.0,869.0,0.0,319.0,4.0,400.0,9178.0,780.0,40436.0
FR,86126.0,2009,31172.0,10.6,,,,4048.0,683.0,3175.0,2254.0,3.0,985.0,2328.0,2806.0,1767.0,4037.0,41.0,1127.0,5.0,598.0,0.0,207.0,0.0,1102.0,5747.0,1216.0,32129.0
FR,85045.0,2010,30568.0,9.5,,,,3353.0,893.0,2104.0,1806.0,2.0,985.0,2013.0,2713.0,2836.0,4329.0,50.0,941.0,0.0,594.0,0.0,1318.0,0.0,1497.0,4508.0,24.0,29965.0
FR,91789.0,2011,30637.0,10.8,,,,4512.0,605.0,2740.0,2410.0,0.0,587.0,1861.0,2486.0,2407.0,4691.0,55.0,1040.0,0.0,531.0,0.0,87.0,0.0,4301.0,5855.0,32.0,34202.0
FR,87539.0,2012,30814.0,10.8,,,,3525.0,492.0,1983.0,2368.0,0.0,578.0,1787.0,2195.0,2617.0,4258.0,49.0,1270.0,49.0,442.0,0.0,120.0,0.0,4162.0,6327.0,315.0,32539.0
FR,92712.0,2013,30551.0,10.6,,,,3787.0,662.0,2442.0,2282.0,0.0,606.0,2123.0,2480.0,1706.0,4139.0,33.0,1667.0,45.0,397.0,0.0,4.0,0.0,4525.0,5320.0,11.0,32230.0
FR,90826.0,2014,29568.0,10.8,,,,3208.0,571.0,2111.0,2278.0,1.0,340.0,2144.0,2637.0,1742.0,4646.0,57.0,1778.0,55.0,388.0,0.0,141.0,0.0,5133.0,5291.0,77.0,32596.0
FR,102743.0,2015,29041.0,12.3,,,,3556.0,685.0,2145.0,2101.0,1.0,313.0,2387.0,2675.0,1830.0,4807.0,48.0,1504.0,136.0,366.0,0.0,128.0,0.0,4143.0,9479.0,27.0,36328.0
FR,95913.0,2016,28597.0,11.5,,,,2512.0,609.0,1635.0,1468.0,2.0,317.0,2388.0,2675.0,1935.0,4800.0,46.0,2310.0,266.0,352.0,0.0,93.0,0.0,3119.0,10132.0,55.0,34714.0
FR,97824.0,2017,28779.367,11.1,,,,2415.0,752.0,1883.0,2177.0,0.0,332.0,2449.0,2627.0,1857.0,4815.0,30.0,1848.0,0.0,336.0,0.0,209.0,0.0,4948.0,8675.0,127.0,35481.0
FR,87855.0,2018,28253.0,10.5,,,,2084.0,662.0,2592.0,2190.0,0.0,470.0,2393.0,2342.0,1945.0,4715.0,20.0,1335.0,0.0,329.0,0.0,260.0,0.0,4203.0,8218.0,91.0,33850.0
FR,90211.0,2019,28142.0,10.2,,,,2033.0,237.0,1575.0,1979.0,0.0,223.0,1897.0,2187.0,2624.0,4378.0,12.0,1266.0,1.0,282.0,0.0,983.0,0.0,4781.0,7633.0,1817.0,33909.0
FR,82220.0,2020,27892.0,9.8,,,,2658.0,134.0,1881.0,1862.0,1.0,285.0,1775.0,2065.0,1461.0,3935.0,15.0,645.0,3.0,267.0,0.0,798.0,0.0,4391.0,7201.0,1919.0,31297.0
FR,93874.0,2021,27736.0,10.6,,,,2021.0,138.0,2279.0,1961.0,0.0,409.0,2051.0,2252.0,2302.0,5018.0,22.0,478.0,1.0,291.0,0.0,162.0,0.0,3505.0,11384.0,1498.0,35770.0
FR,88651.0,2022,27624.0,10.6,,,,2233.0,99.0,2062.0,2233.0,0.0,287.0,1847.0,2133.0,2260.0,4608.0,26.0,476.0,6.0,262.0,0.0,758.0,0.0,2832.0,10839.0,2321.0,35282.0
FR,75849.0,2023,27617.0,9.2,,,,2778.0,61.0,1847.0,1790.0,0.0,131.0,1697.0,1749.0,1621.0,3796.0,22.0,568.0,1.0,203.0,0.0,537.0,0.0,2150.0,8091.0,2356.0,29399.0
FR,78289.0,2024,,,,,,3205.0,64.0,1836.0,1865.0,0.0,142.0,1853.0,1896.0,1391.0,4141.0,23.0,482.0,0.0,239.0,0.0,149.0,0.0,2665.0,9817.0,2481.0,32249.0
HR,14851.0,2008,2722.0,22.6,,,,388.0,187.0,508.0,154.0,0.0,134.0,363.0,470.0,236.0,409.0,13.0,17.0,1.0,155.0,0.0,22.0,0.0,4.0,250.0,0.0,3312.0
HR,11651.0,2009,2722.0,22.1,,,,505.0,72.0,447.0,90.0,0.0,84.0,339.0,310.0,171.0,333.0,10.0,19.0,0.0,77.0,0.0,15.0,0.0,5.0,163.0,0.0,2641.0
HR,12203.0,2010,2722.0,22.8,,,,486.0,57.0,304.0,100.0,0.0,85.0,334.0,463.0,164.0,281.0,9.0,17.0,0.0,95.0,0.0,20.0,0.0,7.0,194.0,0.0,2618.0
HR,11794.0,2011,2722.0,22.4,0.0,0.0,11794.0,322.0,82.0,390.0,124.0,1.0,68.0,273.0,436.0,161.0,256.0,7.0,13.0,0.0,115.0,0.0,17.0,0.0,9.0,164.0,0.0,2438.0
HR,11088.0,2012,2722.0,22.2,0.0,0.0,11088.0,330.0,133.0,472.0,152.0,1.0,51.0,266.0,332.0,125.0,226.0,6.0,8.0,0.0,77.0,0.0,12.0,0.0,9.0,132.0,0.0,2332.0
HR,10661.0,2013,2722.0,19.8,0.0,0.0,10661.0,292.0,52.0,421.0,126.0,1.0,45.0,234.0,314.0,113.0,221.0,8.0,22.0,0.0,74.0,0.0,13.0,0.0,9.0,145.0,0.0,2086.0
HR,10390.0,2014,2604.0,20.4,0.0,0.0,10390.0,279.0,198.0,323.0,153.0,1.0,31.0,287.0,286.0,103.0,206.0,6.0,18.0,0.0,63.0,0.0,15.0,0.0,2.0,149.0,0.0,2119.0
HR,9939.0,2015,2604.0,19.4,0.0,0.0,9939.0,209.0,343.0,505.0,97.0,1.0,24.0,280.0,288.0,36.0,187.0,5.0,11.0,0.0,81.0,0.0,11.0,0.0,0.0,105.0,0.0,2184.0
HR,9985.0,2016,2604.0,19.1,0.0,0.0,8523.0,286.0,130.0,291.0,128.0,0.0,23.0,221.0,272.0,75.0,185.0,8.0,12.0,0.0,38.0,0.0,19.0,0.0,0.0,183.0,0.0,1871.0
HR,12178.0,2017,2604.0,21.3,0.0,0.0,11482.0,396.0,220.0,383.0,143.0,1.0,17.0,319.0,310.0,77.0,135.0,5.0,10.0,0.0,44.0,0.0,20.0,0.0,0.0,249.0,183.0,2509.0
HR,13444.0,2018,2604.0,21.5,0.0,0.0,11879.0,424.0,166.0,428.0,111.0,0.0,16.0,377.0,252.0,73.0,182.0,5.0,7.0,0.0,52.0,0.0,15.0,0.0,0.0,322.0,124.0,2555.0
HR,14449.0,2019,2617.0,24.1,0.0,0.0,14449.0,615.0,148.0,633.0,106.0,1.0,29.0,383.0,216.0,84.0,155.0,10.0,6.0,0.0,49.0,0.0,15.0,0.0,0.0,461.0,0.0,2911.0
HR,14992.0,2020,2617.0,25.3,0.0,0.0,14992.0,798.0,180.0,694.0,81.0,13.0,52.0,332.0,198.0,81.0,106.0,24.0,3.0,0.0,73.0,0.0,9.0,0.0,199.0,415.0,22.0,3279.0
HR,15176.0,2021,2617.0,23.8,0.0,0.0,15176.0,779.0,240.0,544.0,58.0,2.0,36.0,284.0,155.0,106.0,134.0,8.0,4.0,1.0,109.0,0.0,10.0,0.0,252.0,450.0,2.0,3172.0
HR,16257.0,2022,2617.0,25.8,0.0,0.0,16257.0,813.0,315.0,685.0,68.0,3.0,32.0,296.0,106.0,128.0,122.0,9.0,4.0,2.0,82.0,0.0,19.0,0.0,287.0,549.0,8.0,3529.0
HR,15069.0,2023,2617.0,22.7,0.0,0.0,15069.0,734.0,340.0,436.0,45.0,2.0,16.0,341.0,58.0,110.0,120.0,6.0,1.0,1.0,54.0,0.0,21.0,0.0,126.0,691.0,44.0,3145.0
HR,15672.0,2024,,,0.0,0.0,15672.0,898.0,357.0,286.0,74.0,3.0,22.0,357.0,58.0,112.0,78.0,7.0,4.0,2.0,73.0,0.0,17.0,0.0,105.0,823.0,20.0,3293.0
HU,51543.0,2008,7813.0,25.1,,,,297.0,17.0,1014.0,127.0,20.0,486.0,554.0,620.0,752.0,970.0,19.0,293.0,814.0,129.0,153.0,182.0,150.0,221.0,0.0,2079.0,8897.0
HU,42277.0,2009,7390.0,24.1,,,,472.0,640.0,917.0,87.0,1.0,419.0,447.0,632.0,155.0,701.0,54.0,128.0,3.0,187.0,0.0,72.0,0.0,9.0,697.0,1079.0,6699.0
HU,45794.0,2010,7352.0,27.1,,,,516.0,665.0,1367.0,95.0,0.0,464.0,601.0,571.0,99.0,589.0,54.0,135.0,4.0,306.0,0.0,55.0,0.0,0.0,880.0,1233.0,7635.0
HU,47424.0,2011,7486.5,28.5,,,,648.0,487.0,1408.0,117.0,1.0,286.0,510.0,554.0,87.0,876.0,72.0,111.0,2.0,81.0,,72.0,,3.0,1253.0,956.0,7526.0
HU,46884.0,2012,7486.2,29.8,,,,595.0,552.0,1509.0,111.0,1.0,267.0,481.0,577.0,79.0,1028.0,48.0,100.0,1.0,77.0,0.0,43.0,0.0,6.0,974.0,757.0,7205.0
HU,49085.0,2013,7356.7,30.7,,,,1211.0,716.0,1604.0,118.0,2.0,353.0,964.0,744.0,95.0,1398.0,96.0,144.0,12.0,97.0,,58.0,0.0,12.0,824.0,1272.0,9722.0
HU,50593.0,2014,7209.0,31.1,,,,1232.0,695.0,1649.0,106.0,4.0,321.0,1150.0,691.0,90.0,1168.0,88.0,131.0,6.0,109.0,,20.0,0.0,21.0,878.0,1800.0,10158.0
HU,50333.0,2015,7197.0,29.5,,,,1231.0,818.0,1604.0,109.0,3.0,259.0,1056.0,816.0,239.0,818.0,66.0,196.0,4.0,89.0,,12.0,0.0,89.0,1026.0,1574.0,10010.0
HU,50047.0,2016,7811.0,28.6,,,,1327.0,792.0,1561.0,104.0,6.0,342.0,1085.0,881.0,151.0,1064.0,80.0,230.0,4.0,83.0,,17.0,0.0,53.0,1113.0,1635.0,10528.0
HU,52682.0,2017,7955.0,32.6,,,,2617.0,757.0,3083.0,108.0,7.0,398.0,855.0,927.0,202.0,870.0,369.0,313.0,27.0,98.0,0.0,11.0,670.0,830.0,450.0,764.0,13356.0
HU,52471.0,2018,7732.0,27.0,,,,1571.0,768.0,1944.0,134.0,3.0,487.0,693.0,831.0,173.0,800.0,74.0,462.0,1.0,93.0,,12.0,0.0,0.0,1135.0,1403.0,10584.0
HU,52270.0,2019,7743.0,26.5,,,,1434.0,600.0,1695.0,169.0,3.0,324.0,729.0,853.0,153.0,557.0,57.0,459.0,2.0,248.0,,14.0,665.0,739.0,661.0,1263.0,10625.0
HU,51892.0,2020,7787.0,29.2,,,,1849.0,568.0,1752.0,111.0,7.0,479.0,692.0,802.0,145.0,407.0,46.0,614.0,1.0,218.0,,24.0,778.0,8.0,588.0,2506.0,11595.0
HU,51031.0,2021,7889.0,26.4,,,,1823.0,598.0,1562.0,191.0,2.0,492.0,703.0,744.0,144.0,451.0,112.0,676.0,1.0,216.0,,17.0,734.0,12.0,1184.0,1684.0,11347.0
HU,51696.0,2022,7907.0,26.6,,,,1515.0,585.0,1809.0,192.0,1.0,505.0,701.0,612.0,168.0,369.0,23.0,693.0,0.0,189.0,0.0,5.0,640.0,202.0,1246.0,1894.0,11351.0
HU,45762.0,2023,7437.0,25.2,,,,1719.0,531.0,1248.0,218.0,2.0,140.0,670.0,708.0,163.0,392.0,50.0,720.0,4.0,188.0,0.0,45.0,598.0,248.0,954.0,1863.0,10460.0
HU,45708.0,2024,,,,,,1821.0,499.0,1043.0,63.0,0.0,166.0,639.0,636.0,289.0,283.0,34.0,670.0,0.0,229.0,0.0,40.0,0.0,243.0,1045.0,2696.0,10397.0
IE,717.0,2008,1835.0,0.7,,,,13.0,0.0,65.0,10.0,0.0,0.0,0.0,0.0,16.0,0.0,0.0,0.0,0.0,0.0,0.0,0.0,0.0,0.0,0.0,0.0,103.0
IE,631.0,2009,1835.0,0.8,631.0,0.0,631.0,7.0,0.0,58.0,11.0,0.0,0.0,0.0,0.0,4.0,0.0,0.0,0.0,0.0,0.0,0.0,0.0,0.0,0.0,0.0,0.0,79.0
IE,568.0,2010,1835.0,0.9,568.0,0.0,568.0,18.0,0.0,31.0,43.0,0.0,0.0,0.0,0.0,0.0,0.0,0.0,0.0,0.0,0.0,0.0,0.0,0.0,0.0,0.0,0.0,92.0
IE,611.0,2011,1839.0,1.2,611.0,0.0,611.0,23.0,0.0,31.0,51.0,0.0,0.0,0.0,0.0,0.0,0.0,0.0,0.0,0.0,0.0,0.0,0.0,0.0,0.0,0.0,0.0,105.0
IE,567.0,2012,1839.0,1.0,567.0,,567.0,14.0,0.0,30.0,47.0,0.0,0.0,0.0,0.0,0.0,0.0,0.0,0.0,0.0,0.0,0.0,0.0,0.0,0.0,0.0,0.0,91.0
IE,589.0,2013,2045.0,1.1,589.0,,589.0,17.0,0.0,30.0,52.0,0.0,0.0,0.0,0.0,0.0,0.0,0.0,0.0,0.0,0.0,0.0,0.0,0.0,0.0,0.0,0.0,99.0
IE,578.0,2014,2045.0,1.1,578.0,,578.0,17.0,0.0,30.0,53.0,0.0,0.0,0.0,0.0,0.0,0.0,0.0,0.0,0.0,0.0,0.0,0.0,0.0,0.0,0.0,0.0,100.0
IE,540.0,2015,2045.0,1.0,540.0,,540.0,21.0,0.0,25.0,51.0,0.0,0.0,0.0,0.0,0.0,0.0,0.0,0.0,0.0,0.0,0.0,0.0,0.0,0.0,0.0,0.0,96.0
IE,581.0,2016,2045.0,0.9,581.0,,581.0,16.0,0.0,28.0,58.0,0.0,0.0,0.0,0.0,0.0,0.0,0.0,0.0,0.0,0.0,0.0,0.0,0.0,0.0,0.0,0.0,101.0
IE,546.0,2017,2045.0,0.9,546.0,,546.0,17.0,0.0,24.0,59.0,0.0,0.0,0.0,0.0,0.0,0.0,0.0,0.0,0.0,0.0,0.0,0.0,0.0,0.0,0.0,0.0,100.0
IE,516.0,2018,2045.0,0.8,516.0,,516.0,15.0,0.0,25.0,49.0,0.0,0.0,0.0,0.0,0.0,0.0,0.0,0.0,0.0,0.0,0.0,0.0,0.0,0.0,0.0,0.0,89.0
IE,346.0,2019,2045.0,0.6,346.0,,346.0,16.0,0.0,12.0,44.0,0.0,0.0,0.0,0.0,0.0,0.0,0.0,0.0,0.0,0.0,0.0,0.0,0.0,0.0,0.0,0.0,72.0
IE,449.0,2020,2045.0,0.8,449.0,,449.0,13.0,0.0,23.0,39.0,0.0,0.0,0.0,0.0,0.0,0.0,0.0,0.0,0.0,0.0,0.0,0.0,0.0,0.0,0.0,0.0,74.0
IE,415.0,2021,2045.0,0.6,415.0,,415.0,17.0,0.0,21.0,32.0,0.0,0.0,0.0,0.0,0.0,0.0,0.0,0.0,0.0,0.0,0.0,0.0,0.0,0.0,0.0,0.0,70.0
IE,419.0,2022,2045.0,0.7,419.0,0.0,419.0,17.0,0.0,17.0,47.0,0.0,0.0,0.0,0.0,0.0,0.0,0.0,0.0,0.0,0.0,0.0,0.0,0.0,0.0,0.0,0.0,81.0
IE,344.0,2023,2045.0,0.7,344.0,0.0,344.0,15.0,0.0,11.0,50.0,0.0,0.0,0.0,0.0,0.0,0.0,0.0,0.0,0.0,0.0,0.0,0.0,0.0,0.0,0.0,0.0,76.0
IE,221.0,2024,,,221.0,0.0,221.0,15.0,0.0,0.0,52.0,0.0,0.0,0.0,0.0,0.0,0.0,0.0,0.0,0.0,0.0,0.0,0.0,0.0,0.0,0.0,0.0,67.0
IT,95810.0,2008,16529.0,11.3,55967.0,9912.0,65888.0,,,,,,,,,,,,,,,,,,,,,
IT,76336.0,2009,16686.0,9.2,43207.0,6308.0,62269.0,511.0,12.0,788.0,1093.0,9.0,733.0,542.0,681.0,179.0,2189.0,62.0,572.0,6.0,482.0,0.0,378.0,0.0,124.0,7871.0,0.0,16232.0
IT,84435.0,2010,16704.0,9.2,44818.0,4986.0,64444.0,499.0,,822.0,,,,,,,2448.0,,506.0,,,,,,,7194.0,,
IT,91811.0,2011,16726.0,11.2,60186.0,3624.0,78932.0,490.0,7.0,965.0,1339.0,166.0,806.0,550.0,700.0,226.0,2489.0,112.0,490.0,44.0,391.0,0.0,262.0,0.0,134.0,8107.0,0.0,17279.0
IT,88505.0,2012,16742.0,12.7,59948.0,3980.0,,376.0,4.0,912.0,1450.0,46.0,743.0,502.0,612.0,202.0,2180.0,113.0,497.0,47.0,433.0,0.0,293.0,0.0,169.0,8269.0,0.0,16849.0
IT,87960.0,2013,16752.0,11.8,61267.0,3586.0,78194.0,555.0,,598.0,1504.0,,545.0,452.0,589.0,168.0,2755.0,107.0,481.0,325.0,,0.0,,,728.0,7953.0,,
IT,90862.0,2014,16722.0,13.2,62993.0,3564.0,79748.0,1068.0,,991.0,1220.0,102.0,449.0,467.0,612.0,235.0,2727.0,26.0,469.0,,386.0,0.0,386.0,,1067.0,7748.0,85.0,
IT,92273.0,2015,16724.0,13.4,62648.0,,,703.0,76.0,891.0,1261.0,94.0,442.0,458.0,803.0,202.0,2669.0,40.0,519.0,,383.0,0.0,385.0,,1592.0,7704.0,87.0,
IT,92949.0,2016,16788.0,14.7,86911.0,5352.0,92263.0,866.0,62.0,642.0,1435.0,91.0,447.0,424.0,1011.0,208.0,3929.0,53.0,611.0,65.0,510.0,,342.0,0.0,1140.0,10461.0,82.0,
IT,94287.0,2017,16787.0,13.6,86889.0,5675.0,,1036.0,96.0,644.0,1453.0,76.0,500.0,415.0,1092.0,233.0,3859.0,72.0,639.0,59.0,450.0,,273.0,2.0,2056.0,9069.0,40.0,
IT,97197.0,2018,16781.0,13.1,87962.0,,,1579.0,90.0,628.0,1386.0,55.0,478.0,477.0,1092.0,217.0,3533.0,56.0,866.0,64.0,419.0,,286.0,12.0,1551.0,8999.0,,
IT,94295.0,2019,16779.0,11.9,85671.0,6028.0,,1260.0,61.0,630.0,1529.0,52.0,497.0,502.0,1116.0,197.0,2964.0,82.0,930.0,52.0,415.0,,284.0,66.0,991.0,9355.0,12.0,
IT,90529.0,2020,16782.0,12.0,82039.0,6660.0,88699.0,1144.0,65.0,572.0,1518.0,49.0,515.0,410.0,1311.0,197.0,2370.0,91.0,854.0,45.0,407.0,0.0,240.0,63.0,1129.0,9313.0,54.0,20348.0
IT,104213.0,2021,16832.0,12.6,92432.0,,,1397.0,69.0,690.0,1648.0,60.0,557.0,488.0,1281.0,209.0,2940.0,87.0,1038.0,65.0,457.0,0.0,283.0,84.0,1345.0,10638.0,63.0,23398.0
IT,104542.0,2022,16829.0,12.4,95384.0,8321.0,,1571.0,131.0,651.0,1691.0,44.0,421.0,476.0,1145.0,533.0,2631.0,76.0,1361.0,54.0,461.0,,261.0,97.0,1309.0,11156.0,61.0,
IT,95865.0,2023,16832.0,12.0,87827.0,7512.0,,1510.0,269.0,418.0,1456.0,38.0,342.0,222.0,859.0,279.0,2980.0,122.0,1342.0,65.0,602.0,0.0,201.0,91.0,358.0,11539.0,2.0,22693.0
IT,94604.0,2024,,,87461.0,7066.0,94604.0,1785.0,131.0,518.0,1444.0,33.0,452.0,304.0,728.0,234.0,3238.0,104.0,1176.0,69.0,614.0,0.0,216.0,113.0,546.0,11226.0,1.0,22933.0
LI,1843.0,2008,,,,,,,,,,,,,,,,,,,,,,,,,,
LI,1160.0,2009,,,,,,,,,,,,,,,,,,,,,,,,,,
LI,1214.0,2010,,,,,,,,,,,,,,,,,,,,,,,,,,
LI,1172.0,2011,,,,,,,,,,,,,,,,,,,,,,,,,,
LI,1168.0,2012,,,,,,,,,,,,,,,,,,,,,,,,,,
LI,1037.0,2013,,,,,,,,,,,,,,,,,,,,,,,,,,
LI,,2014,,,,,,,,,,,,,,,,,,,,,,,,,,
LI,,2015,,,,,,,,,,,,,,,,,,,,,,,,,,
LI,,2016,,,,,,,,,,,,,,,,,,,,,,,,,,
LI,,2017,,,,,,,,,,,,,,,,,,,,,,,,,,
LI,,2018,,,,,,,,,,,,,,,,,,,,,,,,,,
LI,,2019,,,,,,,,,,,,,,,,,,,,,,,,,,
LI,,2020,,,,,,,,,,,,,,,,,,,,,,,,,,
LI,,2021,,,,,,,,,,,,,,,,,,,,,,,,,,
LI,1216.0,2022,,,,,,,,,,,,,,,,,,,,,,,,,,
LI,1062.0,2023,,,,,,,,,,,,,,,,,,,,,,,,,,
LI,810.0,2024,,,,,,,,,,,,,,,,,,,,,,,,,,
LT,54970.0,2008,1765.4,73.0,0.0,54970.0,54970.0,777.0,1483.0,912.0,528.0,15.0,296.0,5502.0,3575.0,426.0,891.0,58.0,128.0,7.0,137.0,0.0,2.0,1.0,0.0,10.0,0.0,14748.0
LT,42669.0,2009,1767.6,70.4,0.0,42669.0,42669.0,549.0,1098.0,871.0,585.0,1.0,186.0,4725.0,3112.0,215.0,336.0,28.0,81.0,2.0,75.0,0.0,0.0,23.0,0.0,0.0,0.0,11888.0
LT,48061.0,2010,1767.6,72.8,0.0,48061.0,48061.0,431.0,1365.0,1056.0,733.0,2.0,228.0,4368.0,4164.0,301.0,512.0,39.0,107.0,3.0,99.0,0.0,0.0,23.0,0.0,0.0,0.0,13431.0
LT,52330.0,2011,1767.6,73.7,0.0,52330.0,52330.0,459.0,1199.0,1265.0,697.0,4.0,267.0,4696.0,5010.0,315.0,878.0,42.0,126.0,5.0,104.0,0.0,0.0,24.0,0.0,0.0,0.0,15088.0
LT,49377.0,2012,1767.6,70.3,0.0,49377.0,49377.0,799.0,752.0,1023.0,730.0,4.0,219.0,4499.0,4675.0,312.0,827.0,31.0,136.0,5.0,95.0,0.0,30.0,32.0,0.0,0.0,0.0,14172.0
LT,48028.0,2013,1767.6,66.6,0.0,48028.0,48028.0,813.0,866.0,1358.0,778.0,4.0,259.0,4000.0,3949.0,332.0,685.0,29.0,133.0,5.0,75.0,0.0,32.0,25.0,0.0,0.0,0.0,13344.0
LT,49000.0,2014,1767.6,68.1,0.0,49000.0,49000.0,962.0,729.0,1322.0,701.0,5.0,244.0,3555.0,5479.0,319.0,714.0,27.0,110.0,6.0,84.0,0.0,27.0,22.0,0.0,0.0,0.0,14307.0
LT,48053.0,2015,1877.2,65.9,0.0,48053.0,48053.0,852.0,644.0,1005.0,611.0,3.0,201.0,3662.0,5544.0,281.0,1050.0,24.0,55.0,4.0,69.0,0.0,22.0,10.0,0.0,0.0,0.0,14036.0
LT,47651.0,2016,1911.3,65.0,0.0,47651.0,47651.0,746.0,751.0,1050.0,690.0,6.0,250.0,3643.0,5222.0,404.0,846.0,25.0,57.0,5.0,71.0,0.0,23.0,1.0,0.0,0.0,0.0,13790.0
LT,52638.0,2017,1911.3,66.7,0.0,52638.0,52638.0,856.0,1452.0,1328.0,698.0,10.0,205.0,3488.0,5761.0,441.0,925.0,31.0,87.0,8.0,92.0,0.0,30.0,1.0,0.0,0.0,0.0,15414.0
LT,56776.0,2018,1910.7,67.9,0.0,56776.0,56776.0,876.0,1903.0,1765.0,758.0,8.0,241.0,3353.0,6184.0,453.0,1039.0,35.0,105.0,9.0,125.0,0.0,32.0,1.0,0.0,0.0,0.0,16885.0
LT,55209.0,2019,1910.7,67.4,0.0,55209.0,55209.0,1029.0,1305.0,1971.0,797.0,7.0,283.0,3202.0,6100.0,458.0,702.0,35.0,117.0,10.0,133.0,0.0,30.0,1.0,0.0,0.0,0.0,16181.0
LT,53430.0,2020,1910.8,64.7,0.0,53430.0,53430.0,1114.0,1491.0,2014.0,763.0,11.0,244.0,2471.0,6441.0,425.0,556.0,58.0,100.0,12.0,138.0,0.0,24.0,2.0,0.0,0.0,0.0,15865.0
LT,51080.0,2021,1910.8,62.5,0.0,51080.0,51080.0,854.0,1047.0,1777.0,798.0,18.0,212.0,2069.0,6350.0,452.0,530.0,111.0,100.0,22.0,178.0,0.0,47.0,1.0,0.0,0.0,0.0,14566.0
LT,30977.0,2022,1919.2,46.4,0.0,30977.0,30977.0,845.0,385.0,1039.0,887.0,5.0,105.0,1890.0,1246.0,369.0,300.0,34.0,44.0,23.0,149.0,0.0,52.0,4.0,0.0,0.0,0.0,7375.0
LT,27224.0,2023,1924.3,39.1,0.0,27224.0,27224.0,1125.0,71.0,1118.0,816.0,4.0,10.0,1866.0,611.0,263.0,184.0,12.0,32.0,16.0,106.0,0.0,45.0,29.0,0.0,0.0,0.0,6307.0
LT,25658.0,2024,,,0.0,25658.0,25658.0,916.0,63.0,1212.0,839.0,3.0,9.0,1579.0,700.0,284.0,92.0,6.0,30.0,25.0,102.0,0.0,43.0,0.0,0.0,0.0,0.0,5905.0
LU,8548.0,2008,275.0,9.9,,,,,,,,,,,,,,,,,,,,,,,,
LU,6446.0,2009,275.0,8.2,,,,,,,,,,,,,,,,,,,,,,,,
LU,7626.0,2010,275.0,11.6,,,,,,,,,,,,,,,,,,,,,,,,
LU,6973.0,2011,275.0,10.5,,,,,,,,,,,,,,,,,,,,,,,,
LU,5442.0,2012,275.0,7.1,,,,0.0,0.0,0.0,0.0,0.0,0.0,0.0,17.0,0.0,28.0,44.0,0.0,123.0,18.0,0.0,0.0,0.0,0.0,0.0,1.0,231.0
LU,5098.0,2013,275.0,7.3,,,,0.0,0.0,0.0,0.0,0.0,0.0,0.0,19.0,0.0,30.0,38.0,0.0,111.0,17.0,0.0,0.0,0.0,0.0,0.0,3.0,218.0
LU,4573.0,2014,275.0,6.1,,,,,,,,,,,,,,,,,,,,,,,,
LU,5207.0,2015,275.0,7.1,,,,,,,,,,,,,,,,,,,,,,,,
LU,4482.0,2016,275.0,6.5,,,,0.0,0.0,0.0,0.0,0.0,0.0,37.0,1.0,10.0,151.0,0.0,0.0,0.0,0.0,0.0,0.0,0.0,0.0,0.0,0.0,200.0
LU,4406.0,2017,271.0,6.8,,,,0.0,0.0,0.0,0.0,0.0,0.0,49.0,4.0,8.0,150.0,0.0,0.0,0.0,0.0,0.0,1.0,0.0,0.0,0.0,0.0,213.0
LU,4585.0,2018,271.0,8.1,,,,0.0,0.0,0.0,0.0,0.0,0.0,46.0,4.0,8.0,157.0,0.0,0.0,0.0,0.0,0.0,1.0,0.0,7.0,0.0,0.0,223.0
LU,4405.0,2019,271.0,6.9,,,,0.0,0.0,0.0,0.0,0.0,0.0,36.0,2.0,11.0,140.0,0.0,0.0,0.0,0.0,0.0,1.0,0.0,1.0,0.0,1.0,191.0
LU,3627.0,2020,271.0,6.6,,,,0.0,0.0,0.0,0.0,0.0,0.0,29.0,1.0,8.0,118.0,0.0,0.0,0.0,0.0,0.0,1.0,0.0,5.0,0.0,1.0,162.0
LU,3713.0,2021,271.0,6.5,,,,0.0,0.0,0.0,0.0,0.0,0.0,28.0,0.0,7.0,125.0,0.0,0.0,0.0,0.0,0.0,1.0,0.0,15.0,0.0,0.0,176.0
LU,3464.0,2022,271.0,6.2,,,,0.0,0.0,0.0,0.0,0.0,0.0,23.0,0.0,5.0,115.0,0.0,0.0,0.0,0.0,0.0,1.0,0.0,23.0,0.0,0.0,167.0
LU,3512.0,2023,271.0,7.3,,,,0.0,0.0,0.0,0.0,0.0,0.0,16.0,0.0,4.0,122.0,0.0,0.0,0.0,0.0,0.0,1.0,0.0,26.0,0.0,3.0,174.0
LU,3064.0,2024,,,,,,0.0,0.0,0.0,0.0,0.0,0.0,13.0,0.0,3.0,109.0,0.0,0.0,0.0,0.0,0.0,1.0,0.0,22.0,0.0,1.0,150.0
LV,56061.0,2008,2263.0,83.4,,,,549.0,6408.0,67.0,552.0,43.0,316.0,7215.0,1527.0,1860.0,930.0,24.0,44.0,1.0,0.0,0.0,0.0,0.0,0.0,46.0,0.0,19581.0
LV,53679.0,2009,1884.0,85.4,,,,500.0,6570.0,284.0,506.0,18.0,212.0,7832.0,2090.0,36.0,607.0,20.0,34.0,3.0,0.0,0.0,0.0,0.0,0.0,14.0,0.0,18725.0
LV,49164.0,2010,1897.0,82.1,,,,473.0,5123.0,770.0,468.0,54.0,283.0,6371.0,1052.0,1576.0,849.0,19.0,34.0,3.0,0.0,0.0,0.0,0.0,0.0,103.0,0.0,17179.0
LV,59385.0,2011,1865.0,84.2,,,,600.0,7355.0,816.0,573.0,20.0,292.0,7758.0,2940.0,29.0,676.0,22.0,41.0,3.0,0.0,0.0,0.0,0.0,0.0,285.0,0.0,21410.0
LV,60601.0,2012,1859.0,84.1,,,,1077.0,8064.0,550.0,656.0,21.0,320.0,7310.0,2978.0,36.0,532.0,31.0,36.0,7.0,0.0,0.0,0.0,0.0,0.0,249.0,0.0,21867.0
LV,55831.0,2013,1859.0,81.2,,,,473.0,7653.0,463.0,588.0,24.0,275.0,7514.0,1683.0,33.0,545.0,29.0,42.0,4.0,0.0,0.0,0.0,0.0,0.0,208.0,0.0,19532.0
LV,57039.0,2014,1860.0,81.2,,,,774.0,7014.0,296.0,741.0,35.0,305.0,7080.0,2248.0,32.0,481.0,29.0,45.0,5.0,0.0,0.0,0.0,0.0,0.0,356.0,0.0,19441.0
LV,55645.0,2015,1860.0,79.8,,,,886.0,6514.0,267.0,683.0,18.0,442.0,7726.0,1680.0,23.0,429.0,24.0,30.0,8.0,0.0,0.0,0.0,0.0,0.0,175.0,0.0,18906.0
LV,47819.0,2016,1859.6,76.6,,,,844.0,5212.0,610.0,727.0,24.0,445.0,5503.0,1661.0,31.0,611.0,29.0,26.0,4.0,0.0,0.0,0.0,0.0,0.0,147.0,0.0,15873.0
LV,43785.0,2017,1859.6,74.0,,,,818.0,6097.0,388.0,567.0,23.0,309.0,4587.0,1486.0,31.0,613.0,25.0,27.0,3.0,0.0,0.0,0.0,0.0,0.0,39.0,0.0,15014.0
LV,49260.0,2018,1859.6,75.8,,,,1341.0,8064.0,537.0,829.0,13.0,506.0,4320.0,1611.0,49.0,452.0,34.0,34.0,4.0,0.0,0.0,0.0,0.0,0.0,66.0,0.0,17859.0
LV,41490.0,2019,1859.6,73.6,,,,860.0,6455.0,372.0,967.0,15.0,629.0,3470.0,1649.0,35.0,420.0,24.0,48.0,6.0,0.0,0.0,0.0,0.0,0.0,68.0,0.0,15019.0
LV,24056.0,2020,1859.1,56.5,,,,822.0,1223.0,386.0,1006.0,15.0,654.0,2290.0,1273.0,48.0,170.0,12.0,57.0,11.0,0.0,0.0,0.0,0.0,0.0,12.0,0.0,7979.0
LV,21772.0,2021,1859.1,53.4,,,,858.0,645.0,444.0,1086.0,8.0,744.0,2009.0,1192.0,65.0,192.0,19.0,38.0,6.0,0.0,0.0,0.0,0.0,0.0,58.0,0.0,7367.0
LV,21305.0,2022,1864.9,53.2,,,,1038.0,1955.0,745.0,1043.0,6.0,340.0,1159.0,652.0,107.0,285.0,17.0,29.0,5.0,0.0,0.0,0.0,0.0,0.0,30.0,0.0,7410.0
LV,15446.0,2023,1830.9,44.0,,,,1660.0,651.0,659.0,890.0,6.0,112.0,596.0,323.0,24.0,228.0,8.0,27.0,1.0,0.0,0.0,0.0,0.0,0.0,6.0,0.0,5191.0
LV,11095.0,2024,,,,,,1499.0,26.0,323.0,734.0,5.0,112.0,453.0,255.0,15.0,62.0,2.0,13.0,0.0,0.0,0.0,0.0,0.0,0.0,9.0,0.0,3509.0
ME,1050.0,2013,,,,,,,,,,,,,,,,,,,,,,,,,,
ME,903.0,2014,,,,,,,,,,,,,,,,,,,,,,,,,,
ME,987.0,2015,,,,,,,,,,,,,,,,,,,,,,,,,,
ME,1395.0,2016,,,,,,,,,,,,,,,,,,,,,,,,,,
ME,1603.0,2017,,,,,,,,,,,,,,,,,,,,,,,,,,
ME,966.0,2018,,,,,,,,,,,,,,,,,,,,,,,,,,
ME,1131.0,2019,,,,,,,,,,,,,,,,,,,,,,,,,,
ME,1154.0,2020,,,,,,,,,,,,,,,,,,,,,,,,,,
ME,1346.0,2022,,,,,,,,,,,,,,,,,,,,,,,,,,
MK,2929.0,2009,,,,,,,,,,,,,,,,,,,,,,,,,,
MK,3097.0,2010,,,,,,,,,,,,,,,,,,,,,,,,,,
MK,2770.0,2011,,,,,,,,,,,,,,,,,,,,,,,,,,
MK,2539.0,2012,,,,,,,,,,,,,,,,,,,,,,,,,,
MK,2283.0,2013,,,,,,,,,,,,,,,,,,,,,,,,,,
MK,2377.0,2014,,,,,,,,,,,,,,,,,,,,,,,,,,
MK,1566.0,2015,,,,,,,,,,,,,,,,,,,,,,,,,,
MK,1358.0,2016,,,,,,,,,,,,,,,,,,,,,,,,,,
MK,1558.0,2017,,,,,,,,,,,,,,,,,,,,,,,,,,
MK,1679.0,2018,,,,,,,,,,,,,,,,,,,,,,,,,,
MK,1839.0,2019,,,,,,,,,,,,,,,,,,,,,,,,,,
MK,1765.0,2020,,,,,,,,,,,,,,,,,,,,,,,,,,
MK,1963.0,2021,,,,,,,,,,,,,,,,,,,,,,,,,,
MK,1418.0,2022,,,,,,,,,,,,,,,,,,,,,,,,,,
MK,817.0,2023,,,,,,,,,,,,,,,,,,,,,,,,,,
MK,858.0,2024,,,,,,,,,,,,,,,,,,,,,,,,,,
NL,40569.0,2008,2888.0,6.7,,,,9.0,1229.0,1421.0,35.0,0.0,153.0,57.0,433.0,101.0,327.0,7.0,101.0,0.0,148.0,0.0,207.0,1.0,9.0,2746.0,0.0,6984.0
NL,33594.0,2009,2896.0,6.0,,,,98.0,1108.0,894.0,14.0,0.0,119.0,44.0,430.0,76.0,244.0,5.0,93.0,0.0,93.0,0.0,148.0,3.0,10.0,2200.0,0.0,5578.0
NL,35536.0,2010,3013.0,5.8,,,,,,,,,,,,,,,,,,,98.0,,,1873.0,,
NL,39174.0,2011,3013.0,6.3,,,,,,,,,,,,,,,,,,,81.0,,,1717.0,,
NL,37627.0,2012,3013.0,6.2,,,,17.0,1647.0,1102.0,5.0,0.0,144.0,61.0,387.0,148.0,296.0,3.0,135.0,0.0,45.0,0.0,145.0,4.0,11.0,1991.0,0.0,6142.0
NL,38927.0,2013,3013.0,5.8,,,,31.0,1652.0,1065.0,30.0,0.0,88.0,104.0,391.0,92.0,352.0,2.0,127.0,0.0,65.0,0.0,69.0,4.0,13.0,1991.0,0.0,6078.0
NL,39367.0,2014,3032.0,5.8,,,,35.0,1548.0,1118.0,13.0,0.0,131.0,68.0,390.0,101.0,376.0,2.0,101.0,0.0,49.0,0.0,82.0,6.0,16.0,2133.0,0.0,6169.0
NL,41721.0,2015,3031.0,6.2,,,,58.0,1360.0,1179.0,48.0,0.0,172.0,119.0,488.0,122.0,412.0,2.0,192.0,0.0,36.0,0.0,95.0,5.0,20.0,2239.0,0.0,6545.0
NL,42615.0,2016,3058.0,6.1,,,,35.0,1438.0,1101.0,13.0,0.0,187.0,124.0,508.0,100.0,465.0,2.0,107.0,0.0,14.0,0.0,101.0,5.0,16.0,2426.0,0.0,6641.0
NL,42079.0,2017,3055.0,6.1,,,,13.0,1094.0,1128.0,12.0,0.0,120.0,125.0,552.0,128.0,470.0,2.0,455.0,0.0,11.0,0.0,92.0,5.0,5.0,2471.0,0.0,6685.0
NL,41834.0,2018,3040.0,6.5,,,,8.0,1007.0,1134.0,21.0,0.0,116.0,141.0,351.0,140.0,548.0,2.0,220.0,0.0,22.0,0.0,124.0,6.0,1.0,3216.0,0.0,7058.0
NL,42654.0,2019,3040.0,6.4,,,,8.0,1411.0,1230.0,16.0,0.0,88.0,136.0,447.0,73.0,447.0,3.0,243.0,0.0,22.0,0.0,109.0,7.0,0.0,2839.0,0.0,7080.0
NL,40017.0,2020,3041.0,6.2,,,,63.0,1234.0,972.0,56.0,0.0,121.0,178.0,540.0,47.0,379.0,2.0,197.0,0.0,22.0,0.0,118.0,1.0,1.0,2734.0,0.0,6665.0
NL,42621.0,2021,3041.0,6.4,,,,108.0,1321.0,1060.0,51.0,0.0,126.0,197.0,503.0,59.0,442.0,2.0,178.0,0.0,25.0,0.0,143.0,3.0,0.0,2969.0,0.0,7188.0
NL,44469.0,2022,3041.0,6.6,,,,96.0,1640.0,936.0,34.0,0.0,132.0,193.0,485.0,48.0,352.0,2.0,164.0,0.0,22.0,0.0,127.0,6.0,0.0,2938.0,0.0,7176.0
NL,39340.0,2023,3041.0,6.4,,,,138.0,1308.0,899.0,30.0,0.0,103.0,171.0,492.0,40.0,331.0,1.0,162.0,0.0,18.0,0.0,129.0,2.0,1.0,2667.0,0.0,6493.0
NL,37805.0,2024,,,,,,137.0,828.0,946.0,56.0,0.0,117.0,157.0,481.0,58.0,290.0,1.0,152.0,0.0,23.0,0.0,136.0,1.0,1.0,2796.0,0.0,6182.0
NO,24787.0,2008,,,,,,,,,,,,,,,,,,,,,,,,,,
NO,22961.0,2009,,,,,,,,,,,,,,,,,,,,,,,,,,
NO,27229.0,2010,,,,,,,,,,,,,,,,,,,,,,,,,,
NO,28305.0,2011,,,,,,,,,,,,,,,,,,,,,,,,,,
NO,30273.0,2012,,,,,,,,,,,,,,,,,,,,,,,,,,
NO,31429.0,2013,,,,,,,,,,,,,,,,,,,,,,,,,,
NO,33393.0,2014,,,,,,,,,,,,,,,,,,,,,,,,,,
NO,31585.0,2015,,,,,,,,,,,,,,,,,,,,,,,,,,
NO,33260.0,2016,,,,,,,,,,,,,,,,,,,,,,,,,,
NO,34974.0,2017,,,,,,,,,,,,,,,,,,,,,,,,,,
NO,34981.0,2018,,,,,,,,,,,,,,,,,,,,,,,,,,
NO,34563.0,2019,,,,,,,,,,,,,,,,,,,,,,,,,,
NO,36822.0,2020,,,,,,,,,,,,,,,,,,,,,,,,,,
NO,37550.0,2021,,,,,,,,,,,,,,,,,,,,,,,,,,
NO,33496.0,2022,,,,,,,,,,,,,,,,,,,,,,,,,,
NO,32235.0,2023,,,,,,,,,,,,,,,,,,,,,,,,,,
NO,29931.0,2024,,,,,,,,,,,,,,,,,,,,,,,,,,
PL,248860.0,2008,20196.0,33.8,145750.0,71682.0,217432.0,1192.0,15890.0,11608.0,227.0,3.0,567.0,7332.0,2899.0,1546.0,3420.0,122.0,380.0,60.0,1300.0,0.0,248.0,0.0,5.0,1772.0,144.0,48715.0
PL,200819.0,2009,20360.0,28.8,49290.0,126860.0,176149.0,1115.0,15146.0,9228.0,235.0,2.0,354.0,6589.0,2286.0,1206.0,1909.0,75.0,193.0,42.0,1062.0,0.0,147.0,0.0,2.0,1074.0,174.0,40840.0
PL,216767.0,2010,20228.0,29.5,131064.0,42225.0,173289.0,1566.0,15765.0,11656.0,244.0,1.0,428.0,7410.0,2781.0,1145.0,1866.0,34.0,187.0,28.0,1117.0,0.0,183.0,0.0,9.0,1425.0,510.0,46355.0
PL,248606.0,2011,20228.0,29.9,163944.0,60911.0,224895.0,1756.0,16129.0,15165.0,160.0,0.0,378.0,7067.0,3059.0,1118.0,1963.0,46.0,250.0,31.0,1252.0,0.0,288.0,0.0,43.0,1882.0,505.0,51095.0
PL,230878.0,2012,20094.0,27.6,162465.0,47209.0,209867.0,1681.0,14823.0,11766.0,268.0,4.0,428.0,7046.0,2876.0,953.0,2173.0,69.0,259.0,39.0,1060.0,0.0,343.0,1.0,112.0,2207.0,565.0,46672.0
PL,232596.0,2013,19328.0,26.4,163724.0,43550.0,207364.0,1634.0,16487.0,12210.0,366.0,8.0,489.0,7465.0,2926.0,870.0,1772.0,137.0,298.0,164.0,998.0,0.0,264.0,1.0,140.0,1843.0,473.0,48544.0
PL,227820.0,2014,19240.0,26.5,161028.0,41383.0,202535.0,1572.0,14376.0,12751.0,574.0,5.0,521.0,7671.0,2654.0,936.0,1920.0,64.0,274.0,163.0,795.0,0.0,266.0,0.0,175.0,2163.0,558.0,47439.0
PL,224320.0,2015,19231.0,25.5,161412.0,34349.0,195822.0,1397.0,14502.0,12416.0,508.0,1.0,454.0,7488.0,2518.0,774.0,1882.0,48.0,225.0,30.0,829.0,0.0,309.0,0.0,71.0,2491.0,811.0,46753.0
PL,222523.0,2016,19132.0,24.7,164081.0,36204.0,200628.0,1315.0,14149.0,11264.0,588.0,0.0,398.0,8564.0,2525.0,750.0,2213.0,41.0,192.0,35.0,849.0,0.0,358.0,0.0,195.0,3242.0,664.0,47342.0
PL,239501.0,2017,19209.0,23.9,189358.0,43790.0,233980.0,1404.0,15006.0,14449.0,470.0,1.0,527.0,8743.0,2816.0,940.0,2446.0,57.0,266.0,28.0,923.0,0.0,423.0,0.0,228.0,4194.0,632.0,53554.0
PL,249260.0,2018,19196.0,26.8,197481.0,43658.0,242040.0,1168.0,15762.0,16990.0,309.0,2.0,560.0,9388.0,2988.0,918.0,2599.0,51.0,386.0,84.0,867.0,0.0,467.0,0.0,125.0,4477.0,871.0,58011.0
PL,233744.0,2019,19359.0,24.0,187956.0,40730.0,229628.0,885.0,14786.0,14278.0,415.0,1.0,398.0,9429.0,3096.0,754.0,2072.0,57.0,488.0,116.0,739.0,0.0,458.0,1.0,62.0,5793.0,13.0,53840.0
PL,218381.0,2020,19383.0,22.6,177979.0,35276.0,214213.0,1069.0,12267.0,12580.0,383.0,3.0,525.0,9228.0,3299.0,775.0,1959.0,60.0,410.0,355.0,686.0,0.0,452.0,0.0,61.0,6233.0,16.0,50365.0
PL,237915.0,2021,19287.0,22.3,192914.0,38679.0,233130.0,890.0,13099.0,13077.0,353.0,1.0,570.0,10159.0,3352.0,845.0,2118.0,82.0,386.0,2.0,811.0,0.0,459.0,0.0,42.0,7098.0,266.0,53608.0
PL,237587.0,2022,19355.0,23.2,195859.0,38383.0,235190.0,1837.0,16224.0,13549.0,468.0,1.0,571.0,10752.0,3251.0,742.0,2519.0,46.0,357.0,2.0,769.0,0.0,464.0,0.0,48.0,7190.0,242.0,59031.0
PL,229935.0,2023,19539.0,24.1,192470.0,31894.0,,2681.0,14838.0,14593.0,712.0,30.0,293.0,11768.0,2837.0,778.0,2630.0,40.0,271.0,4.0,634.0,,421.0,,60.0,7345.0,216.0,
PL,222725.0,2024,,,181102.0,35169.0,,2206.0,10334.0,15649.0,704.0,17.0,264.0,11390.0,3230.0,1059.0,2156.0,56.0,294.0,1.0,770.0,,435.0,,36.0,7905.0,208.0,56713.0
PT,10426.0,2008,2841.6,9.7,,,,257.0,0.0,443.0,29.0,0.0,106.0,597.0,54.0,396.0,102.0,0.0,13.0,0.0,12.0,0.0,43.0,0.0,0.0,497.0,0.0,2549.0
PT,8947.0,2009,2841.6,9.4,,,,108.0,0.0,403.0,32.0,0.0,180.0,481.0,47.0,332.0,69.0,0.0,6.0,0.0,22.0,0.0,37.0,0.0,0.0,456.0,0.0,2174.0
PT,10094.0,2010,2843.0,10.9,,,,92.0,0.0,432.0,59.0,0.0,271.0,304.0,26.0,395.0,107.0,0.0,9.0,6.0,26.0,0.0,43.0,0.0,0.0,543.0,0.0,2313.0
PT,9975.0,2011,2793.9,10.9,,,,310.0,0.0,374.0,55.0,0.0,45.0,380.0,28.0,320.0,118.0,0.0,9.0,3.0,32.0,0.0,48.0,0.0,0.0,599.0,0.0,2322.0
PT,9701.0,2012,2541.2,12.8,,,,321.0,0.0,276.0,39.0,0.0,67.0,597.0,40.0,275.0,130.0,0.0,4.0,0.0,28.0,0.0,50.0,0.0,0.0,594.0,0.0,2421.0
PT,9291.0,2013,2544.4,12.7,,,,332.0,0.0,239.0,31.0,0.0,64.0,440.0,45.0,251.0,172.0,0.0,2.0,0.0,50.0,0.0,48.0,0.0,0.0,617.0,0.0,2290.0
PT,10276.0,2014,2546.0,12.8,,,,315.0,0.0,198.0,29.0,0.0,73.0,399.0,46.0,259.0,187.0,0.0,2.0,0.0,75.0,0.0,848.0,0.0,0.0,4.0,0.0,2434.0
PT,11108.0,2015,2546.0,14.1,,,,276.0,0.0,199.0,12.0,0.0,101.0,554.0,63.0,264.0,219.0,0.0,1.0,0.0,100.0,0.0,60.0,0.0,0.0,840.0,0.0,2688.0
PT,10259.0,2016,2546.0,14.5,,,,298.0,0.0,206.0,6.0,0.0,93.0,519.0,55.0,197.0,261.0,0.0,0.0,0.0,86.0,0.0,67.0,0.0,0.0,986.0,0.0,2774.0
PT,10453.0,2017,2545.96,14.1,,,,287.0,0.0,173.0,2.0,0.0,71.0,606.0,59.0,83.0,198.0,0.0,4.0,0.0,69.0,0.0,66.0,0.0,0.0,1132.0,0.0,2751.0
PT,10221.0,2018,2545.96,14.2,,,,241.0,0.0,198.0,0.0,0.0,62.0,460.0,57.0,86.0,211.0,0.0,4.0,0.0,66.0,0.0,2.0,0.0,0.0,1377.0,0.0,2765.0
PT,9365.0,2019,2526.15,13.0,,,,235.0,0.0,188.0,0.0,0.0,65.0,229.0,61.0,82.0,225.0,0.0,1.0,0.0,68.0,0.0,8.0,0.0,0.0,1316.0,0.0,2478.0
PT,8426.0,2020,2526.15,14.2,,,,271.0,0.0,181.0,0.0,0.0,64.0,20.0,58.0,90.0,170.0,0.0,2.0,0.0,71.0,0.0,10.0,0.0,0.0,1364.0,0.0,2302.0
PT,9057.0,2021,2527.053,10.7,,,,222.0,0.0,148.0,0.0,0.0,52.0,16.0,48.0,74.0,139.0,0.0,2.0,0.0,58.0,0.0,8.0,0.0,0.0,1114.0,0.0,1881.0
PT,8366.0,2022,2527.053,12.3,,,,223.0,0.0,224.0,0.0,0.0,51.0,29.0,62.0,123.0,211.0,0.0,9.0,0.0,73.0,0.0,8.0,0.0,0.0,1179.0,0.0,2190.0
PT,8555.0,2023,2527.053,14.1,,,,324.0,0.0,274.0,0.0,0.0,45.0,33.0,55.0,121.0,215.0,0.0,10.0,0.0,68.0,0.0,8.0,0.0,0.0,1110.0,0.0,2263.0
PT,7858.0,2024,,,,,,309.0,0.0,212.0,0.0,0.0,43.0,33.0,53.0,121.0,189.0,0.0,21.0,0.0,63.0,0.0,3.0,0.0,0.0,1167.0,0.0,2214.0
RO,66711.0,2008,10785.0,24.5,0.0,63212.0,63212.0,179.0,2810.0,978.0,401.0,8.0,368.0,4055.0,1851.0,500.0,1279.0,14.0,68.0,0.0,837.0,0.0,75.0,4.0,2.0,666.0,55.0,14152.0
RO,50595.0,2009,10784.0,23.1,0.0,46910.0,46910.0,71.0,2478.0,401.0,250.0,1.0,167.0,3700.0,1090.0,160.0,396.0,5.0,54.0,0.0,369.0,0.0,66.0,5.0,1.0,618.0,1.0,9832.0
RO,52932.0,2010,10785.0,29.2,0.0,49441.0,49441.0,255.0,2390.0,483.0,170.0,2.0,271.0,4480.0,1476.0,209.0,618.0,3.0,69.0,0.0,409.0,0.0,76.0,11.0,0.0,662.0,3.0,11587.0
RO,60723.0,2011,10777.0,35.4,0.0,57247.0,57247.0,415.0,2629.0,556.0,171.0,0.0,340.0,5471.0,1613.0,402.0,826.0,22.0,101.0,0.0,422.0,0.0,107.0,12.0,0.0,836.0,0.0,13924.0
RO,55755.0,2012,10777.0,31.4,0.0,50433.0,50433.0,488.0,2721.0,278.0,158.0,1.0,439.0,4758.0,1166.0,469.0,792.0,2.0,112.0,0.0,297.0,0.0,112.0,10.0,1.0,710.0,147.0,12662.0
RO,50348.0,2013,10768.0,30.7,0.0,47337.0,47337.0,984.0,1991.0,538.0,154.0,3.0,580.0,4371.0,1058.0,441.0,917.0,7.0,186.0,0.0,284.0,0.0,129.0,5.0,0.0,852.0,67.0,12567.0
RO,50739.0,2014,10777.0,30.2,0.0,49273.0,49273.0,1104.0,1544.0,391.0,146.0,0.0,564.0,4267.0,1040.0,552.0,1013.0,35.0,124.0,0.0,238.0,0.0,114.0,5.0,0.0,867.0,80.0,12085.0
RO,55306.0,2015,10770.0,31.6,0.0,49700.0,49700.0,1188.0,1491.0,318.0,171.0,5.0,580.0,4237.0,956.0,763.0,841.0,27.0,52.0,1.0,166.0,0.0,93.0,4.0,77.0,641.0,153.0,11761.0
RO,52618.0,2016,10774.0,30.3,0.0,47875.0,47875.0,1289.0,1358.0,261.0,128.0,14.0,578.0,4586.0,1032.0,736.0,841.0,98.0,212.0,0.0,269.0,0.0,70.0,3.0,23.0,406.0,382.0,12285.0
RO,56083.0,2017,10774.0,30.2,0.0,56076.0,56076.0,1839.0,1613.0,326.0,96.0,0.0,806.0,4465.0,1143.0,581.0,930.0,110.0,248.0,0.0,312.0,0.0,136.0,3.0,0.0,649.0,526.0,13782.0
RO,55429.0,2018,10765.0,28.9,0.0,55002.0,55002.0,1797.0,1484.0,398.0,156.0,36.0,605.0,3577.0,1381.0,587.0,1074.0,7.0,270.0,0.0,283.0,0.0,148.0,4.0,3.0,619.0,589.0,13020.0
RO,58808.0,2019,10759.0,26.9,0.0,58495.0,58495.0,2321.0,1007.0,396.0,169.0,0.0,776.0,4014.0,1153.0,803.0,794.0,16.0,168.0,0.0,343.0,0.0,125.0,2.0,57.0,852.0,293.0,13285.0
RO,49670.0,2020,10769.0,25.8,0.0,49184.0,49184.0,2185.0,813.0,364.0,123.0,2.0,1033.0,3547.0,1044.0,897.0,781.0,4.0,101.0,0.0,252.0,0.0,122.0,1.0,66.0,625.0,276.0,12235.0
RO,57424.0,2021,10764.0,25.3,0.0,56808.0,56808.0,2760.0,943.0,397.0,151.0,0.0,1082.0,3937.0,1033.0,1034.0,868.0,10.0,88.0,0.0,218.0,0.0,97.0,1.0,91.0,689.0,164.0,13564.0
RO,55188.0,2022,10615.0,25.4,0.0,53883.0,53883.0,2585.0,1178.0,343.0,65.0,0.0,822.0,3978.0,572.0,865.0,944.0,11.0,122.0,0.0,291.0,0.0,105.0,1.0,79.0,726.0,399.0,13085.0
RO,48867.0,2023,10611.0,24.0,0.0,47298.0,47298.0,3087.0,1330.0,325.0,80.0,0.0,455.0,3789.0,321.0,785.0,823.0,14.0,121.0,0.0,354.0,0.0,171.0,7.0,37.0,715.0,241.0,12654.0
RO,43025.0,2024,,,0.0,41076.0,41076.0,1722.0,1036.0,261.0,66.0,7.0,505.0,3681.0,582.0,824.0,811.0,21.0,122.0,0.0,326.0,0.0,188.0,0.0,7.0,689.0,219.0,11067.0
SE,65632.0,2008,11032.0,31.9,44866.0,20766.0,65632.0,2028.0,75.0,4483.0,249.0,1.0,3667.0,405.0,415.0,238.0,4016.0,50.0,393.0,61.0,891.0,124.0,499.0,0.0,1.0,5327.0,0.0,22924.0
SE,56466.0,2009,11149.0,33.3,36606.0,19860.0,56466.0,1981.0,34.0,3549.0,265.0,1.0,3614.0,330.0,414.0,267.0,2912.0,51.0,280.0,52.0,838.0,125.0,528.0,0.0,0.0,5147.0,0.0,20389.0
SE,68329.0,2010,11160.0,35.6,45453.0,22876.0,68329.0,2104.0,86.0,4772.0,265.0,1.0,3474.0,371.0,435.0,202.0,4030.0,44.0,334.0,25.0,917.0,105.0,552.0,1.0,1.0,5744.0,1.0,23464.0
SE,67907.0,2011,11206.0,34.8,42593.0,25314.0,67907.0,1985.0,77.0,4744.0,229.0,0.0,3447.0,374.0,813.0,176.0,3562.0,44.0,397.0,29.0,727.0,121.0,532.0,0.0,3.0,5601.0,3.0,22864.0
SE,65789.0,2012,11136.0,35.8,41885.0,23904.0,65789.0,2177.0,86.0,4804.0,230.0,0.0,3577.0,355.0,1015.0,190.0,2851.0,48.0,544.0,100.0,596.0,119.0,518.0,0.0,1.0,4832.0,2.0,22043.0
SE,67047.0,2013,10957.0,33.7,38082.0,28964.0,67047.0,2518.0,57.0,5069.0,244.0,0.0,2678.0,335.0,890.0,158.0,3127.0,34.0,389.0,21.0,583.0,122.0,485.0,0.0,8.0,4249.0,2.0,20970.0
SE,68035.0,2014,10881.0,30.4,37687.0,30348.0,68035.0,2109.0,86.0,5642.0,259.0,0.0,2785.0,308.0,841.0,126.0,2603.0,36.0,364.0,24.0,632.0,128.0,409.0,0.0,20.0,4924.0,1.0,21296.0
SE,64999.0,2015,10908.0,29.5,35929.0,29070.0,64999.0,2186.0,56.0,4441.0,249.0,0.0,2477.0,361.0,933.0,115.0,3118.0,37.0,483.0,27.0,635.0,127.0,417.0,0.0,32.0,5005.0,0.0,20699.0
SE,67479.0,2016,10882.0,29.5,39060.0,28419.0,67479.0,2286.0,67.0,4866.0,465.0,0.0,2913.0,357.0,857.0,142.0,3247.0,30.0,490.0,21.0,737.0,139.0,372.0,0.0,32.0,4384.0,0.0,21406.0
SE,69350.0,2017,10874.0,30.2,40525.0,28825.0,69350.0,2307.0,83.0,5111.0,445.0,0.0,2733.0,345.0,746.0,139.0,3317.0,31.0,867.0,11.0,732.0,141.0,400.0,0.0,26.0,4403.0,0.0,21838.0
SE,69123.0,2018,10906.0,30.1,36502.0,32621.0,69123.0,2463.0,92.0,4620.0,515.0,0.0,3426.0,356.0,1143.0,105.0,3233.0,30.0,458.0,13.0,799.0,156.0,518.0,0.0,26.0,4842.0,0.0,22794.0
SE,68220.0,2019,10899.0,30.1,35862.0,32358.0,68220.0,2677.0,71.0,4700.0,493.0,0.0,3142.0,345.0,830.0,65.0,2871.0,8.0,423.0,0.0,637.0,141.0,578.0,0.0,27.0,5202.0,13.0,22222.0
SE,69805.0,2020,10909.0,29.7,37318.0,32487.0,69805.0,3152.0,60.0,5020.0,531.0,0.0,2704.0,400.0,686.0,110.0,2957.0,12.0,394.0,0.0,839.0,138.0,514.0,0.0,47.0,4513.0,18.0,22094.0
SE,72458.0,2021,10912.0,28.9,39624.0,32834.0,72458.0,2971.0,72.0,4879.0,582.0,1.0,2702.0,410.0,1101.0,137.0,3401.0,44.0,487.0,2.0,772.0,148.0,448.0,0.0,57.0,5166.0,70.0,23449.0
SE,70942.0,2022,10914.0,28.7,,,,2889.0,71.0,4774.0,615.0,1.0,2580.0,415.0,1107.0,129.0,3075.0,35.0,476.0,3.0,688.0,142.0,417.0,0.0,75.0,5419.0,250.0,23161.0
SE,68293.0,2023,10906.0,29.7,36693.0,31600.0,68293.0,3125.0,51.0,4532.0,551.0,0.0,2259.0,400.0,913.0,85.0,3278.0,26.0,482.0,1.0,597.0,128.0,375.0,0.0,45.0,5061.0,45.0,21953.0
SE,65906.0,2024,,,34408.0,31499.0,65906.0,3404.0,55.0,4354.0,602.0,0.0,2274.0,403.0,755.0,114.0,3059.0,21.0,418.0,0.0,570.0,120.0,415.0,0.0,46.0,5123.0,56.0,21789.0
SI,17271.0,2008,1228.07,29.7,8629.0,8605.0,17271.0,204.0,249.0,735.0,56.0,0.0,318.0,380.0,64.0,89.0,393.0,17.0,89.0,0.0,230.0,0.0,47.0,0.0,7.0,640.0,1.0,3520.0
SI,13774.0,2009,1228.07,28.0,7584.0,5484.0,13097.0,246.0,157.0,486.0,26.0,0.0,163.0,365.0,54.0,58.0,261.0,9.0,46.0,0.0,111.0,0.0,56.0,0.0,7.0,622.0,0.0,2668.0
SI,16234.0,2010,1228.07,31.8,9072.0,6494.0,15600.0,316.0,222.0,639.0,36.0,0.0,179.0,360.0,73.0,45.0,268.0,8.0,55.0,0.0,202.0,0.0,55.0,0.0,5.0,819.0,0.0,3283.0
SI,17024.0,2011,1209.13,34.0,9722.0,6515.0,16268.0,296.0,297.0,699.0,52.0,0.0,201.0,329.0,72.0,35.0,320.0,8.0,29.0,0.0,266.0,0.0,60.0,0.0,4.0,913.0,2.0,3584.0
SI,15828.0,2012,1209.0,32.8,9331.0,5442.0,14798.0,222.0,271.0,597.0,47.0,0.0,160.0,367.0,67.0,34.0,270.0,7.0,29.0,0.0,210.0,0.0,43.0,0.0,5.0,869.0,28.0,3227.0
SI,17156.0,2013,1209.0,34.8,10815.0,5216.0,16054.0,253.0,252.0,705.0,54.0,0.0,153.0,387.0,53.0,26.0,356.0,7.0,38.0,0.0,169.0,0.0,36.0,0.0,3.0,917.0,125.0,3534.0
SI,17989.0,2014,1209.0,36.0,11952.0,4930.0,16906.0,363.0,256.0,758.0,61.0,0.0,128.0,389.0,58.0,30.0,366.0,7.0,61.0,0.0,136.0,0.0,32.0,0.0,3.0,1040.0,159.0,3847.0
SI,17832.0,2015,1209.0,35.0,11647.0,4797.0,16469.0,360.0,293.0,715.0,39.0,0.0,121.0,373.0,71.0,37.0,335.0,8.0,75.0,0.0,103.0,0.0,26.0,0.0,2.0,1163.0,132.0,3854.0
SI,18595.0,2016,1209.0,33.8,12185.0,4715.0,16927.0,311.0,325.0,648.0,50.0,0.0,165.0,324.0,59.0,35.0,372.0,7.0,101.0,0.0,132.0,0.0,27.0,0.0,3.0,1223.0,181.0,3963.0
SI,21275.0,2017,1209.0,36.3,13908.0,4662.0,18597.0,296.0,385.0,704.0,58.0,0.0,152.0,374.0,61.0,31.0,392.0,5.0,95.0,0.0,175.0,0.0,31.0,0.0,4.0,1365.0,319.0,4447.0
SI,21316.0,2018,1209.0,35.5,13719.0,4609.0,18355.0,186.0,420.0,643.0,72.0,0.0,142.0,358.0,47.0,40.0,405.0,5.0,84.0,0.0,148.0,0.0,26.0,0.0,13.0,1515.0,286.0,4390.0
SI,21902.0,2019,1209.0,36.3,14094.0,4333.0,18450.0,250.0,374.0,729.0,72.0,137.0,138.0,299.0,0.0,37.0,339.0,5.0,86.0,0.0,125.0,0.0,26.0,0.0,19.0,1517.0,260.0,4414.0
SI,19398.0,2020,1209.0,35.1,12542.0,3959.0,16501.0,268.0,305.0,663.0,71.0,0.0,160.0,349.0,34.0,31.0,217.0,3.0,104.0,0.0,113.0,0.0,26.0,0.0,20.0,1343.0,282.0,3989.0
SI,20339.0,2021,1209.0,33.5,12690.0,4003.0,16693.0,194.0,306.0,865.0,65.0,0.0,78.0,356.0,35.0,33.0,218.0,4.0,117.0,0.0,148.0,0.0,28.0,0.0,23.0,1332.0,260.0,4062.0
SI,20459.0,2022,1208.0,32.7,13327.0,3905.0,17232.0,262.0,329.0,730.0,101.0,0.0,124.0,401.0,24.0,33.0,231.0,3.0,114.0,0.0,121.0,0.0,36.0,0.0,29.0,1271.0,272.0,4084.0
SI,19160.0,2023,1208.0,30.2,12518.0,3433.0,15951.0,241.0,327.0,646.0,88.0,0.0,134.0,399.0,30.0,27.0,196.0,2.0,114.0,0.0,126.0,0.0,40.0,0.0,19.0,1088.0,320.0,3794.0
SI,18441.0,2024,,,12064.0,3136.0,15200.0,315.0,189.0,590.0,120.0,0.0,143.0,507.0,48.0,24.0,155.0,1.0,111.0,0.0,123.0,0.0,37.0,0.0,11.0,944.0,396.0,3711.0
SK,47910.0,2008,3623.0,40.3,29516.0,15009.0,46621.0,312.0,1084.0,3826.0,89.0,0.0,191.0,746.0,554.0,222.0,1278.0,24.0,64.0,5.0,341.0,0.0,16.0,0.0,1.0,159.0,227.0,9139.0
SK,37603.0,2009,3623.0,35.8,26695.0,8851.0,36671.0,418.0,1044.0,2781.0,61.0,0.0,89.0,804.0,370.0,96.0,706.0,11.0,42.0,6.0,226.0,0.0,14.0,0.0,1.0,130.0,134.0,6931.0
SK,44327.0,2010,3622.0,38.5,30405.0,10074.0,43197.0,459.0,902.0,3304.0,48.0,0.0,91.0,873.0,405.0,75.0,1025.0,10.0,47.0,9.0,292.0,0.0,30.0,0.0,2.0,193.0,289.0,8054.0
SK,43711.0,2011,3624.0,38.2,27312.0,10172.0,41963.0,455.0,969.0,3405.0,44.0,0.0,96.0,562.0,405.0,64.0,893.0,13.0,61.0,2.0,252.0,0.0,58.0,0.0,1.0,163.0,471.0,7912.0
SK,42599.0,2012,3631.0,36.5,26931.0,8353.0,40371.0,381.0,941.0,3240.0,40.0,0.0,73.0,513.0,297.0,51.0,850.0,10.0,73.0,2.0,322.0,0.0,36.0,0.0,0.0,137.0,503.0,7468.0
SK,48401.0,2013,3631.0,39.0,27049.0,9259.0,46340.0,475.0,806.0,3420.0,35.0,0.0,65.0,507.0,347.0,66.0,750.0,6.0,76.0,2.0,320.0,0.0,19.0,0.0,1.0,123.0,1316.0,8335.0
SK,50997.0,2014,3627.0,38.9,27758.0,8259.0,46680.0,602.0,787.0,3427.0,27.0,0.0,64.0,468.0,387.0,77.0,811.0,3.0,60.0,2.0,265.0,0.0,17.0,0.0,6.0,199.0,1343.0,8544.0
SK,47358.0,2015,3626.0,36.6,29388.0,8136.0,45478.0,553.0,535.0,3522.0,28.0,0.0,60.0,588.0,376.0,96.0,857.0,3.0,65.0,1.0,287.0,0.0,15.0,0.0,0.0,102.0,1218.0,8309.0
SK,47548.0,2016,3626.0,34.6,35035.0,6247.0,47548.0,518.0,687.0,3422.0,27.0,0.0,86.0,624.0,305.0,57.0,884.0,3.0,75.0,0.0,325.0,1.0,30.0,0.0,0.0,212.0,1112.0,8370.0
SK,47760.0,2017,3626.0,33.0,32628.0,7622.0,47760.0,516.0,640.0,3378.0,22.0,0.0,60.0,654.0,305.0,66.0,906.0,2.0,70.0,2.0,359.0,0.0,27.0,0.0,0.0,179.0,1293.0,8477.0
SK,49642.0,2018,3627.0,32.6,35686.0,6827.0,49642.0,513.0,741.0,3128.0,8.0,0.0,81.0,476.0,256.0,73.0,742.0,1.0,50.0,2.0,327.0,0.0,28.0,0.0,9.0,169.0,1768.0,8373.0
SK,46413.0,2019,3629.0,31.1,37636.0,7126.0,46413.0,545.0,847.0,2883.0,11.0,0.0,59.0,508.0,314.0,64.0,622.0,1.0,93.0,2.0,315.0,0.0,25.0,1.0,0.0,176.0,1667.0,8134.0
SK,41572.0,2020,3627.0,28.6,33761.0,5974.0,41572.0,482.0,636.0,2655.0,9.0,0.0,58.0,425.0,308.0,55.0,519.0,1.0,92.0,0.0,256.0,0.0,21.0,1.0,0.0,166.0,1223.0,6908.0
SK,49944.0,2021,3626.0,32.1,33617.0,6411.0,49944.0,463.0,700.0,3330.0,11.0,0.0,68.0,473.0,311.0,65.0,686.0,1.0,77.0,0.0,255.0,0.0,21.0,0.0,0.0,129.0,1600.0,8190.0
SK,46712.0,2022,3626.0,30.4,30698.0,6066.0,46712.0,560.0,598.0,3031.0,10.0,0.0,85.0,542.0,226.0,97.0,519.0,0.0,71.0,0.0,223.0,0.0,20.0,0.0,1.0,178.0,1677.0,7838.0
SK,44304.0,2023,3631.0,30.4,28842.0,4769.0,44304.0,539.0,588.0,2592.0,4.0,0.0,107.0,492.0,179.0,71.0,485.0,40.0,86.0,0.0,255.0,0.0,14.0,0.0,0.0,159.0,1876.0,7488.0
SK,44282.0,2024,,,28468.0,3437.0,44282.0,461.0,556.0,2096.0,13.0,0.0,43.0,505.0,224.0,116.0,509.0,0.0,85.0,0.0,360.0,0.0,14.0,0.0,0.0,617.0,2512.0,8113.0
